,Province,Date,Class,temp,pH,Ox,Dao,Zhuodu,Yandu,Andan,Zonglin,Zongdan
0,海南省,04-01 04:00,Ⅱ,27.7,7.4,8.41,827.4,39.0,0.25,0.025,0.042,0.78
1,海南省,04-01 12:00,Ⅱ,30.7,7.41,8.36,855.4,28.6,0.56,0.025,0.04,0.7
2,海南省,04-01 16:00,Ⅱ,30.6,7.45,8.26,877.0,34.2,0.56,0.025,0.04,0.7
3,海南省,04-01 20:00,Ⅱ,29.2,7.77,8.34,8008.6,32.9,0.25,0.025,0.039,0.75
4,海南省,04-02 00:00,Ⅱ,28.4,7.5,8.42,2869.1,35.9,3.69,0.065,0.042,0.41
5,海南省,04-02 00:00,Ⅱ,28.4,7.5,8.42,2869.1,35.9,3.69,0.065,0.042,0.41
6,海南省,04-02 08:00,Ⅱ,27.6,7.4,8.55,1204.3,19.4,0.93,0.025,0.038,0.34
7,海南省,04-02 12:00,Ⅱ,30.7,7.46,8.46,1404.0,21.2,0.72,0.025,0.035,0.32
8,海南省,04-02 16:00,Ⅱ,30.7,7.26,8.44,1335.7,24.2,0.87,0.025,0.034,0.3
9,海南省,04-02 20:00,Ⅱ,29.9,7.71,8.06,26704.9,13.6,1.4,0.025,0.037,0.71
10,海南省,04-03 00:00,劣Ⅴ,29.2,7.39,7.88,13721.6,24.9,28.35,0.348,0.037,0.49
11,海南省,04-03 00:00,劣Ⅴ,29.2,7.39,7.88,13721.6,24.9,28.35,0.348,0.037,0.49
12,海南省,04-03 08:00,Ⅱ,28.0,7.26,7.87,4161.1,10.6,1.66,0.025,0.037,0.43
13,海南省,04-03 12:00,Ⅱ,30.7,7.3,7.9,4045.5,10.1,0.82,0.025,0.031,0.36
14,海南省,04-03 16:00,Ⅱ,30.6,7.37,7.99,2941.1,15.1,0.38,0.025,0.032,0.39
15,海南省,04-03 20:00,Ⅱ,30.0,7.69,8.17,26664.0,28.3,0.5,0.025,0.038,0.33
16,海南省,04-04 00:00,Ⅳ,29.4,7.47,8.42,21721.9,21.0,8.73,0.312,0.04,0.51
17,海南省,04-04 00:00,Ⅳ,29.4,7.47,8.42,21721.9,21.0,8.73,0.312,0.04,0.51
19,海南省,04-04 08:00,Ⅱ,28.9,7.29,8.44,4804.1,9.3,1.22,0.026,0.041,0.36
20,海南省,04-04 12:00,Ⅱ,30.6,7.31,8.14,4150.8,9.6,0.93,0.025,0.029,0.35
21,海南省,04-04 16:00,Ⅱ,31.1,7.36,8.11,3722.5,11.7,0.87,0.025,0.032,0.42
22,海南省,04-04 20:00,Ⅱ,30.1,7.6,8.36,19764.3,30.8,3.85,0.08,0.04,0.4
23,海南省,04-05 00:00,Ⅱ,29.1,7.7,8.48,27928.9,17.4,3.85,0.417,0.04,0.4
24,海南省,04-05 04:00,Ⅱ,28.5,7.35,8.53,9429.5,18.4,2.06,0.064,0.038,0.48
25,海南省,04-05 08:00,Ⅱ,28.3,7.29,8.64,5188.9,10.4,2.02,0.025,0.033,0.37
26,海南省,04-05 12:00,Ⅱ,29.9,7.34,8.6,4069.9,10.2,1.04,0.025,0.033,0.33
27,海南省,04-05 16:00,Ⅱ,30.7,7.4,8.37,4677.0,10.1,0.71,0.025,0.03,0.38
31,海南省,04-01 20:00,Ⅲ,31.0,7.38,10.17,302.0,13.9,4.72,0.025,0.06,0.77
32,海南省,04-02 00:00,Ⅲ,30.0,6.97,8.34,304.0,10.8,4.5,0.025,0.043,0.6
33,海南省,04-02 00:00,Ⅲ,30.0,6.97,8.34,304.0,10.8,4.5,0.025,0.043,0.6
34,海南省,04-02 08:00,Ⅲ,28.9,6.73,6.25,311.2,13.8,4.04,0.025,0.038,0.61
35,海南省,04-02 12:00,Ⅲ,30.3,6.85,7.2,294.8,17.7,4.22,0.025,0.045,0.72
36,海南省,04-02 16:00,Ⅲ,30.6,7.03,8.35,330.9,18.8,4.48,0.025,0.05,1.12
37,海南省,04-02 20:00,Ⅲ,29.8,7.09,8.63,374.3,17.2,4.65,0.025,0.049,1.07
38,海南省,04-03 00:00,Ⅲ,29.4,6.96,7.88,327.4,17.2,4.41,0.025,0.042,1.01
39,海南省,04-03 00:00,Ⅲ,29.4,6.96,7.88,327.4,17.2,4.41,0.025,0.042,1.01
40,海南省,04-03 08:00,Ⅲ,28.8,6.72,6.07,327.2,13.3,4.14,0.025,0.041,1.0
41,海南省,04-03 12:00,Ⅲ,29.9,6.84,6.81,310.6,19.4,4.09,0.025,0.042,0.72
42,海南省,04-03 16:00,Ⅲ,30.9,7.23,9.49,332.3,16.4,4.88,0.025,0.054,1.22
43,海南省,04-03 20:00,Ⅲ,30.1,6.58,8.3,309.0,15.5,4.49,0.025,0.057,0.84
44,海南省,04-04 00:00,Ⅲ,29.7,6.68,7.78,318.2,14.4,4.5,0.025,0.046,0.9
45,海南省,04-04 00:00,Ⅲ,29.7,6.68,7.78,318.2,14.4,4.5,0.025,0.046,0.9
48,海南省,04-04 12:00,Ⅲ,31.1,6.78,7.77,296.5,13.8,4.36,0.025,0.053,0.9
49,海南省,04-04 16:00,Ⅲ,30.7,6.91,9.06,306.2,14.3,4.61,0.025,0.055,0.88
50,海南省,04-04 20:00,Ⅲ,29.7,6.86,8.77,338.2,13.9,4.53,0.025,0.051,0.82
51,海南省,04-05 00:00,Ⅲ,29.0,6.92,8.61,372.3,15.1,4.53,0.025,0.051,0.82
52,海南省,04-05 04:00,Ⅲ,28.9,6.77,7.65,374.8,14.2,4.4,0.025,0.054,0.84
53,海南省,04-05 08:00,Ⅲ,28.5,6.7,6.85,412.7,13.6,4.14,0.025,0.051,0.92
54,海南省,04-05 12:00,Ⅲ,29.4,6.8,7.47,416.4,15.3,4.54,0.025,0.054,0.91
55,海南省,04-05 16:00,Ⅲ,30.0,6.98,9.2,405.2,15.4,5.13,0.025,0.058,1.0
56,海南省,04-01 08:00,Ⅱ,27.4,6.51,7.01,109.1,8.3,1.62,0.049,0.027,0.65
57,海南省,04-01 12:00,Ⅱ,28.4,6.51,7.17,110.1,8.3,1.66,0.034,0.028,0.58
58,海南省,04-01 16:00,Ⅱ,30.0,6.8,7.65,110.1,8.2,1.66,0.034,0.028,0.58
59,海南省,04-01 20:00,Ⅱ,29.0,6.83,7.61,109.3,7.4,1.68,0.025,0.025,0.56
60,海南省,04-02 00:00,Ⅱ,28.5,6.71,7.32,109.0,7.3,1.69,0.025,0.022,0.51
61,海南省,04-02 00:00,Ⅱ,28.5,6.71,7.32,109.0,7.3,1.69,0.025,0.022,0.51
62,海南省,04-02 08:00,Ⅱ,28.0,6.6,7.07,109.7,7.3,1.68,0.037,0.028,0.52
63,海南省,04-02 12:00,Ⅱ,29.0,6.59,7.17,108.4,6.9,1.62,0.039,0.028,0.53
64,海南省,04-02 16:00,Ⅱ,30.0,6.77,7.55,107.9,8.1,1.79,0.025,0.026,0.46
65,海南省,04-02 20:00,Ⅱ,29.2,6.85,7.74,107.4,5.4,1.61,0.025,0.026,0.43
66,海南省,04-03 00:00,Ⅱ,28.5,6.69,7.53,104.6,5.8,1.6,0.025,0.031,0.47
67,海南省,04-03 00:00,Ⅱ,28.5,6.69,7.53,104.6,5.8,1.6,0.025,0.031,0.47
68,海南省,04-03 08:00,Ⅱ,27.6,6.55,7.13,100.8,6.5,1.41,0.025,0.034,0.33
69,海南省,04-03 12:00,Ⅱ,29.1,6.61,7.36,101.5,6.4,1.5,0.025,0.036,0.37
70,海南省,04-03 16:00,Ⅱ,30.8,6.93,8.54,100.7,7.0,1.47,0.025,0.036,0.34
71,海南省,04-03 20:00,Ⅱ,29.8,6.81,7.93,99.8,6.1,1.54,0.025,0.035,0.3
72,海南省,04-04 00:00,Ⅱ,28.9,6.76,7.76,99.3,5.6,1.51,0.025,0.035,0.31
73,海南省,04-04 00:00,Ⅱ,28.9,6.76,7.76,99.3,5.6,1.51,0.025,0.035,0.31
77,海南省,04-04 16:00,Ⅱ,30.7,6.84,8.39,95.8,6.0,1.57,0.025,0.037,0.29
78,海南省,04-04 20:00,Ⅱ,29.3,6.71,8.07,94.6,12.0,1.6,0.025,0.038,0.39
79,海南省,04-05 00:00,Ⅱ,28.7,6.47,7.28,94.8,6.9,1.6,0.025,0.038,0.39
80,海南省,04-05 04:00,Ⅱ,28.2,6.39,6.92,95.2,6.4,1.4,0.036,0.039,0.38
81,海南省,04-05 08:00,Ⅱ,27.9,6.34,6.74,93.9,6.8,1.42,0.039,0.047,0.38
82,海南省,04-05 12:00,Ⅱ,28.6,6.38,7.1,93.3,6.6,1.49,0.025,0.039,0.33
83,海南省,04-05 16:00,Ⅱ,30.3,6.52,7.47,91.9,7.2,1.45,0.025,0.041,0.3
84,海南省,04-01 04:00,Ⅳ,28.5,7.07,3.92,285.6,14.5,7.04,0.055,0.103,1.04
85,海南省,04-01 12:00,Ⅳ,29.4,7.29,8.49,284.0,14.6,7.62,0.025,0.118,1.03
86,海南省,04-01 16:00,Ⅳ,30.8,7.71,11.74,282.3,12.6,7.62,0.025,0.118,1.03
87,海南省,04-01 20:00,Ⅳ,29.9,7.72,10.03,282.1,14.0,7.28,0.025,0.109,0.95
88,海南省,04-02 00:00,Ⅳ,29.1,7.24,6.18,283.4,15.4,6.79,0.025,0.102,0.96
89,海南省,04-02 00:00,Ⅳ,29.1,7.24,6.18,283.4,15.4,6.79,0.025,0.102,0.96
90,海南省,04-02 08:00,Ⅳ,28.2,6.94,3.66,283.8,18.3,6.85,0.031,0.106,1.27
91,海南省,04-02 12:00,Ⅳ,29.7,7.75,9.27,280.0,29.3,7.35,0.04,0.111,1.39
92,海南省,04-02 16:00,Ⅳ,30.7,8.4,12.06,277.6,32.9,8.17,0.025,0.13,1.51
93,海南省,04-02 20:00,Ⅳ,29.8,8.17,9.84,276.3,31.9,8.11,0.025,0.118,1.45
94,海南省,04-03 00:00,Ⅳ,29.1,7.47,6.57,277.3,32.2,7.76,0.025,0.114,1.36
95,海南省,04-03 00:00,Ⅳ,29.1,7.47,6.57,277.3,32.2,7.76,0.025,0.114,1.36
96,海南省,04-03 08:00,Ⅳ,28.1,7.05,4.46,278.5,33.3,7.7,0.027,0.114,1.44
97,海南省,04-03 12:00,Ⅳ,30.3,7.98,10.67,278.1,31.9,8.13,0.025,0.121,1.52
98,海南省,04-03 16:00,Ⅳ,31.3,8.5,13.44,277.3,36.0,7.74,0.025,0.121,1.36
99,海南省,04-03 20:00,Ⅳ,30.5,8.47,11.47,276.6,34.2,8.07,0.025,0.126,1.36
100,海南省,04-04 00:00,Ⅳ,29.8,7.64,6.71,279.1,38.7,7.78,0.025,0.116,1.34
101,海南省,04-04 00:00,Ⅳ,29.8,7.64,6.71,279.1,38.7,7.78,0.025,0.116,1.34
103,海南省,04-04 08:00,Ⅳ,28.6,7.05,3.69,281.0,41.3,8.29,0.025,0.133,1.46
104,海南省,04-04 12:00,Ⅳ,30.9,8.0,9.96,280.3,38.9,8.52,0.025,0.139,1.51
105,海南省,04-04 16:00,Ⅳ,32.5,8.79,15.48,277.8,37.3,8.68,0.025,0.138,1.4
106,海南省,04-04 20:00,Ⅳ,31.5,8.63,12.27,279.0,32.3,8.11,0.025,0.121,1.32
107,海南省,04-05 00:00,Ⅳ,30.8,7.72,6.6,282.8,44.1,8.11,0.025,0.121,1.32
108,海南省,04-05 04:00,Ⅳ,30.2,7.26,4.57,290.2,46.8,8.72,0.025,0.141,1.92
109,海南省,04-05 08:00,Ⅳ,29.6,7.03,3.1,292.2,43.8,8.33,0.179,0.142,1.86
110,海南省,04-05 12:00,Ⅳ,31.6,7.74,8.75,290.1,44.0,8.92,0.037,0.143,1.68
111,海南省,04-05 16:00,Ⅳ,33.4,8.87,17.05,288.3,37.3,9.4,0.025,0.147,1.72
112,海南省,04-01 08:00,Ⅱ,25.7,7.72,8.67,33867.0,84.1,1.97,0.317,0.042,1.35
113,海南省,04-01 12:00,Ⅱ,26.4,7.9,8.94,40069.7,26.7,2.15,0.411,0.036,1.16
114,海南省,04-01 16:00,Ⅱ,27.3,7.95,9.27,37978.0,21.6,2.15,0.411,0.036,1.16
115,海南省,04-01 20:00,Ⅱ,26.7,7.88,9.01,37059.2,25.1,2.2,0.363,0.033,1.19
116,海南省,04-02 00:00,Ⅱ,26.2,7.89,8.92,38951.9,15.8,2.02,0.432,0.035,1.25
117,海南省,04-02 00:00,Ⅱ,26.2,7.89,8.92,38951.9,15.8,2.02,0.432,0.035,1.25
119,海南省,04-02 12:00,Ⅴ,26.8,7.82,8.88,36490.5,49.8,7.73,0.025,0.333,1.36
120,海南省,04-02 16:00,Ⅱ,27.3,7.94,9.11,38432.3,23.1,2.59,0.23,0.054,1.42
121,海南省,04-02 20:00,Ⅱ,26.8,7.86,8.97,36532.1,18.8,2.06,0.207,0.034,1.16
122,海南省,04-03 00:00,Ⅱ,26.4,7.85,8.91,37392.7,13.9,2.05,0.309,0.039,1.28
123,海南省,04-03 00:00,Ⅱ,26.4,7.85,8.91,37392.7,13.9,2.05,0.309,0.039,1.28
124,海南省,04-03 08:00,Ⅱ,26.1,7.29,7.92,31169.7,170.6,2.14,0.269,0.035,1.23
126,海南省,04-03 16:00,Ⅱ,27.9,7.9,9.11,37510.8,31.2,2.79,0.096,0.092,1.52
127,海南省,04-03 20:00,Ⅱ,27.5,7.84,9.08,34573.1,21.0,3.12,0.242,0.039,1.09
128,海南省,04-04 00:00,Ⅱ,27.0,7.82,9.01,35485.2,14.0,2.05,0.361,0.038,1.13
129,海南省,04-04 00:00,Ⅱ,27.0,7.82,9.01,35485.2,14.0,2.05,0.361,0.038,1.13
133,海南省,04-04 16:00,Ⅱ,29.3,7.89,9.03,37162.9,42.6,2.41,0.298,0.047,1.14
134,海南省,04-04 20:00,Ⅱ,27.9,7.9,9.16,38935.5,19.2,1.95,0.236,0.031,1.15
135,海南省,04-05 00:00,Ⅱ,27.5,7.83,9.08,34083.5,15.2,1.95,0.236,0.031,1.15
136,海南省,04-05 04:00,Ⅱ,27.5,7.82,8.98,34707.8,16.9,2.02,0.241,0.033,1.21
137,海南省,04-05 08:00,Ⅱ,27.1,7.77,8.78,33976.9,32.4,2.09,0.241,0.041,1.13
138,海南省,04-05 12:00,Ⅴ,28.6,7.62,8.84,32203.8,563.9,7.96,0.125,0.347,1.41
141,海南省,04-01 12:00,Ⅱ,28.0,6.94,6.22,88.1,4.7,1.54,0.025,0.034,0.59
142,海南省,04-01 16:00,Ⅱ,29.0,7.06,8.31,87.4,4.7,1.54,0.025,0.034,0.59
143,海南省,04-01 20:00,Ⅱ,28.7,7.11,8.04,88.0,5.2,1.46,0.025,0.031,0.55
144,海南省,04-02 00:00,Ⅱ,28.1,7.01,7.91,88.4,4.7,1.4,0.025,0.029,0.55
145,海南省,04-02 00:00,Ⅱ,28.1,7.01,7.91,88.4,4.7,1.4,0.025,0.029,0.55
147,海南省,04-02 12:00,Ⅱ,27.9,6.93,6.78,88.5,5.3,1.54,0.025,0.029,0.58
148,海南省,04-02 16:00,Ⅱ,28.7,7.12,8.6,87.5,4.7,1.48,0.025,0.029,0.54
149,海南省,04-02 20:00,Ⅱ,28.4,7.11,7.85,88.0,4.4,1.65,0.025,0.028,0.52
150,海南省,04-03 00:00,Ⅱ,28.0,7.0,7.01,88.5,4.5,1.55,0.025,0.028,0.55
151,海南省,04-03 00:00,Ⅱ,28.0,7.0,7.01,88.5,4.5,1.55,0.025,0.028,0.55
152,海南省,04-03 08:00,Ⅲ,27.5,6.86,5.72,89.1,4.4,1.44,0.025,0.029,0.54
153,海南省,04-03 12:00,Ⅱ,28.2,6.93,6.54,88.9,4.1,1.44,0.025,0.03,0.57
154,海南省,04-03 16:00,Ⅱ,28.9,6.99,7.49,88.4,4.4,1.56,0.025,0.028,0.54
155,海南省,04-03 20:00,Ⅱ,28.7,7.01,7.1,89.4,4.2,1.5,0.025,0.028,0.51
156,海南省,04-04 00:00,Ⅱ,28.6,6.99,6.7,89.6,4.0,1.45,0.025,0.028,0.49
157,海南省,04-04 00:00,Ⅱ,28.6,6.99,6.7,89.6,4.0,1.45,0.025,0.028,0.49
160,海南省,04-04 12:00,Ⅱ,28.7,6.89,6.54,89.6,4.5,1.5,0.025,0.03,0.54
161,海南省,04-04 16:00,Ⅱ,29.6,6.97,7.46,88.8,4.8,1.55,0.025,0.027,0.54
162,海南省,04-04 20:00,Ⅱ,29.2,6.95,6.8,89.6,5.0,1.47,0.025,0.03,0.51
163,海南省,04-05 00:00,Ⅲ,29.0,6.88,5.96,89.8,5.0,1.47,0.025,0.03,0.51
164,海南省,04-05 04:00,Ⅲ,28.7,6.82,5.5,89.4,4.4,1.43,0.025,0.027,0.53
165,海南省,04-05 08:00,Ⅲ,28.5,6.78,5.07,90.1,4.5,1.47,0.025,0.027,0.52
166,海南省,04-05 12:00,Ⅲ,28.6,6.8,5.26,89.9,4.2,1.54,0.025,0.029,0.52
167,海南省,04-05 16:00,Ⅲ,28.7,6.83,5.5,89.9,4.6,1.5,0.025,0.03,0.5
168,海南省,04-01 04:00,Ⅱ,28.9,6.84,8.13,134.0,19.1,3.04,0.025,0.034,0.79
169,海南省,04-01 12:00,Ⅱ,29.9,6.99,8.93,134.2,21.1,2.99,0.025,0.034,0.79
170,海南省,04-01 16:00,Ⅱ,30.6,7.56,9.05,132.2,25.4,2.99,0.025,0.034,0.79
171,海南省,04-01 20:00,Ⅱ,29.8,6.96,8.39,131.5,17.2,2.83,0.038,0.033,0.68
172,海南省,04-02 00:00,Ⅱ,29.2,6.86,8.49,130.2,13.6,2.95,0.025,0.038,0.87
173,海南省,04-02 00:00,Ⅱ,29.2,6.86,8.49,130.2,13.6,2.95,0.025,0.038,0.87
174,海南省,04-02 08:00,Ⅱ,28.9,6.61,7.8,130.2,14.6,2.58,0.025,0.034,0.72
175,海南省,04-02 12:00,Ⅱ,29.7,6.99,9.18,129.9,15.6,2.72,0.285,0.053,0.78
176,海南省,04-02 16:00,Ⅱ,30.3,7.29,9.98,131.8,31.8,3.19,0.025,0.039,0.76
177,海南省,04-02 20:00,Ⅱ,29.8,7.2,9.43,132.9,15.6,3.09,0.025,0.036,0.72
178,海南省,04-03 00:00,Ⅱ,29.5,6.78,8.21,132.2,14.6,2.6,0.025,0.031,0.71
179,海南省,04-03 00:00,Ⅱ,29.5,6.78,8.21,132.2,14.6,2.6,0.025,0.031,0.71
180,海南省,04-03 08:00,Ⅱ,29.0,6.53,6.95,132.3,14.5,2.7,0.025,0.038,0.8
181,海南省,04-03 12:00,Ⅱ,30.6,6.99,9.59,131.4,13.7,2.99,0.025,0.036,0.76
183,海南省,04-03 20:00,Ⅱ,30.8,7.13,9.87,133.2,12.1,3.06,0.025,0.039,0.55
184,海南省,04-04 00:00,Ⅱ,30.2,6.75,8.47,132.6,12.1,2.99,0.025,0.038,0.54
185,海南省,04-04 00:00,Ⅱ,30.2,6.75,8.47,132.6,12.1,2.99,0.025,0.038,0.54
187,海南省,04-04 08:00,Ⅱ,29.8,6.56,7.33,133.4,13.6,3.12,0.026,0.035,0.53
188,海南省,04-04 12:00,Ⅱ,30.9,6.86,9.04,135.3,17.0,3.33,0.025,0.041,0.65
189,海南省,04-04 16:00,Ⅱ,31.7,7.03,9.91,134.2,15.8,3.08,0.025,0.039,0.59
190,海南省,04-04 20:00,Ⅱ,30.8,6.8,8.75,135.2,14.0,3.04,0.025,0.038,0.61
191,海南省,04-05 00:00,Ⅱ,30.4,6.59,7.88,132.8,12.7,3.04,0.025,0.038,0.61
192,海南省,04-05 04:00,Ⅱ,30.0,6.49,7.09,133.5,11.6,2.95,0.025,0.037,0.56
193,海南省,04-05 08:00,Ⅲ,29.9,6.32,5.91,133.0,12.5,2.9,0.033,0.034,0.57
194,海南省,04-05 12:00,Ⅱ,30.3,6.61,8.07,133.1,14.8,3.06,0.025,0.037,0.59
195,海南省,04-05 16:00,Ⅲ,31.1,7.0,9.6,133.1,17.3,4.03,0.025,0.042,0.66
196,海南省,04-01 04:00,Ⅱ,27.2,7.25,7.45,132.6,2.7,1.27,0.025,0.014,0.61
197,海南省,04-01 12:00,Ⅱ,33.0,7.11,7.91,163.6,2.1,1.32,0.025,0.012,0.57
198,海南省,04-01 16:00,Ⅱ,38.5,6.97,7.41,175.5,2.6,1.45,0.025,0.012,0.46
199,海南省,04-01 20:00,Ⅱ,32.0,7.28,7.19,139.6,2.0,1.32,0.034,0.012,0.52
200,海南省,04-02 00:00,Ⅱ,28.3,7.47,7.81,132.1,2.1,1.41,0.025,0.013,0.52
201,海南省,04-02 00:00,Ⅱ,28.3,7.47,7.81,132.1,2.1,1.41,0.025,0.013,0.52
202,海南省,04-02 08:00,Ⅱ,26.4,7.36,7.98,132.4,2.4,1.33,0.025,0.013,0.51
203,海南省,04-02 08:00,Ⅱ,26.4,7.36,7.98,132.4,2.4,1.33,0.025,0.013,0.51
204,海南省,04-02 16:00,Ⅱ,36.2,7.07,7.88,171.8,2.7,1.29,0.025,0.013,0.52
205,海南省,04-02 20:00,Ⅱ,31.0,7.34,7.5,138.5,1.9,1.33,0.025,0.011,0.51
206,海南省,04-03 00:00,Ⅰ,27.8,7.54,7.84,132.1,1.7,1.27,0.025,0.008,0.56
207,海南省,04-03 00:00,Ⅰ,27.8,7.54,7.84,132.1,1.7,1.27,0.025,0.008,0.56
208,海南省,04-03 08:00,Ⅰ,26.4,7.52,7.75,132.2,1.8,1.28,0.025,0.008,0.61
209,海南省,04-03 12:00,Ⅱ,31.2,7.33,8.34,158.8,3.2,1.29,0.025,0.012,0.54
210,海南省,04-03 16:00,Ⅱ,36.0,7.17,7.58,170.3,2.9,1.3,0.025,0.01,0.54
211,海南省,04-03 20:00,Ⅱ,30.9,7.41,7.34,140.1,1.6,1.32,0.025,0.012,0.6
212,海南省,04-04 00:00,Ⅱ,27.8,7.56,7.72,133.8,2.4,1.34,0.025,0.012,0.65
213,海南省,04-04 00:00,Ⅱ,27.8,7.56,7.72,133.8,2.4,1.34,0.025,0.012,0.65
214,海南省,04-04 04:00,Ⅰ,27.4,7.48,7.77,133.4,1.8,1.33,0.025,0.009,0.5
215,海南省,04-04 08:00,Ⅰ,27.0,7.41,7.75,135.3,1.8,1.31,0.025,0.009,0.49
216,海南省,04-04 12:00,Ⅱ,30.5,7.27,8.16,159.1,1.7,1.34,0.025,0.01,0.62
217,海南省,04-04 16:00,Ⅱ,35.4,7.15,7.6,169.2,4.6,1.27,0.025,0.011,0.61
218,海南省,04-04 20:00,Ⅱ,27.8,7.38,6.98,123.9,2.1,1.28,0.025,0.011,0.55
219,海南省,04-05 00:00,Ⅱ,26.2,7.37,7.34,116.6,2.2,1.33,0.025,0.01,0.56
220,海南省,04-05 04:00,Ⅱ,25.4,7.43,7.55,127.2,2.3,1.28,0.025,0.011,0.54
221,海南省,04-05 08:00,Ⅱ,25.0,7.45,7.77,124.2,3.1,1.33,0.025,0.015,0.45
222,海南省,04-05 12:00,Ⅱ,28.6,7.29,7.9,144.1,2.6,1.37,0.025,0.018,0.46
223,海南省,04-05 16:00,Ⅰ,31.4,7.17,7.89,153.7,3.2,1.28,0.025,0.01,0.48
224,海南省,04-01 08:00,Ⅱ,29.0,7.61,6.47,258.7,7.1,2.17,0.026,0.043,0.69
225,海南省,04-01 12:00,Ⅱ,30.2,7.67,6.78,270.8,6.5,2.57,0.025,0.067,0.84
226,海南省,04-01 16:00,Ⅱ,31.5,7.91,7.6,274.0,5.0,2.57,0.025,0.067,0.84
227,海南省,04-01 20:00,Ⅱ,27.7,7.67,7.38,110.9,3.7,2.72,0.025,0.063,0.82
228,海南省,04-02 00:00,Ⅱ,27.9,7.48,7.1,131.5,3.6,2.05,0.025,0.029,0.58
229,海南省,04-02 00:00,Ⅱ,27.9,7.48,7.1,131.5,3.6,2.05,0.025,0.029,0.58
230,海南省,04-02 08:00,Ⅱ,29.3,7.45,6.25,223.0,6.9,2.88,0.025,0.066,0.77
231,海南省,04-02 12:00,Ⅱ,30.2,7.45,6.21,253.9,5.8,2.89,0.025,0.073,0.81
232,海南省,04-02 16:00,Ⅱ,31.6,7.69,7.19,272.2,5.0,2.94,0.025,0.078,0.87
233,海南省,04-02 20:00,Ⅱ,31.4,7.8,7.42,273.7,5.2,2.68,0.025,0.069,0.82
234,海南省,04-03 00:00,Ⅱ,27.4,7.41,7.08,130.5,4.3,2.63,0.025,0.07,0.82
235,海南省,04-03 00:00,Ⅱ,27.4,7.41,7.08,130.5,4.3,2.63,0.025,0.07,0.82
236,海南省,04-03 08:00,Ⅱ,29.3,7.44,6.06,259.0,8.5,2.48,0.025,0.059,0.79
237,海南省,04-03 12:00,Ⅱ,30.2,7.48,6.49,268.5,6.8,2.98,0.031,0.071,0.87
238,海南省,04-03 16:00,Ⅱ,31.7,7.71,7.32,301.9,5.8,2.55,0.025,0.073,0.9
239,海南省,04-03 20:00,Ⅱ,31.5,7.85,7.59,305.9,5.5,2.41,0.025,0.073,0.85
240,海南省,04-04 00:00,Ⅱ,27.6,7.43,7.12,138.9,4.6,2.48,0.025,0.071,0.81
241,海南省,04-04 00:00,Ⅱ,27.6,7.43,7.12,138.9,4.6,2.48,0.025,0.071,0.81
244,海南省,04-04 12:00,Ⅱ,30.4,7.47,6.43,269.2,7.9,2.54,0.025,0.068,0.83
245,海南省,04-04 16:00,Ⅱ,31.3,7.64,6.99,282.6,5.2,2.62,0.025,0.068,0.8
246,海南省,04-04 20:00,Ⅱ,30.1,7.73,7.17,223.9,6.6,2.21,0.025,0.054,0.7
247,海南省,04-05 00:00,Ⅱ,30.4,7.66,6.99,276.7,19.5,2.21,0.031,0.054,0.7
248,海南省,04-05 04:00,Ⅱ,26.5,7.44,7.3,135.9,4.5,2.01,0.025,0.033,0.67
249,海南省,04-05 08:00,Ⅱ,28.5,7.45,6.49,241.1,8.5,2.54,0.038,0.06,0.87
250,海南省,04-05 12:00,Ⅱ,29.1,7.46,6.49,254.8,8.0,2.63,0.041,0.065,0.87
251,海南省,04-05 16:00,Ⅱ,31.5,7.63,7.16,275.2,6.2,2.74,0.037,0.067,0.79
252,海南省,04-01 04:00,Ⅱ,29.4,8.74,9.42,135.0,10.4,2.62,0.042,0.033,0.52
253,海南省,04-01 12:00,Ⅱ,29.7,8.67,9.43,134.0,9.1,2.87,0.036,0.042,0.55
254,海南省,04-01 16:00,劣Ⅴ,30.5,9.01,10.54,133.8,9.5,2.87,0.036,0.042,0.55
255,海南省,04-01 20:00,劣Ⅴ,30.0,8.97,10.48,133.8,8.8,3.3,0.147,0.226,0.64
256,海南省,04-02 00:00,劣Ⅴ,29.7,8.86,9.92,133.6,8.6,4.12,0.485,0.572,0.89
257,海南省,04-02 00:00,劣Ⅴ,29.7,8.86,9.92,133.6,8.6,4.12,0.485,0.572,0.89
258,海南省,04-02 08:00,Ⅱ,29.4,8.58,8.62,134.2,9.6,2.54,0.044,0.044,0.49
259,海南省,04-02 12:00,Ⅴ,30.2,8.87,10.11,135.3,9.2,2.77,0.051,0.368,0.53
260,海南省,04-02 16:00,劣Ⅴ,30.8,9.08,11.66,135.9,9.6,2.96,0.045,0.055,0.54
261,海南省,04-02 20:00,Ⅱ,30.3,9.0,11.02,133.8,8.8,2.85,0.038,0.047,0.53
262,海南省,04-03 00:00,Ⅱ,30.0,8.89,10.14,133.9,8.6,2.89,0.043,0.047,0.52
263,海南省,04-03 00:00,Ⅱ,30.0,8.89,10.14,133.9,8.6,2.89,0.043,0.047,0.52
264,海南省,04-03 08:00,Ⅱ,29.7,8.76,9.11,134.2,8.0,2.58,0.055,0.042,0.48
265,海南省,04-03 12:00,Ⅱ,30.2,8.95,10.4,134.5,8.7,2.74,0.056,0.039,0.48
266,海南省,04-03 16:00,劣Ⅴ,30.6,9.12,12.21,134.0,8.6,2.83,0.042,0.043,0.52
267,海南省,04-03 20:00,劣Ⅴ,30.6,9.13,11.89,135.3,7.9,2.97,0.043,0.044,0.54
268,海南省,04-04 00:00,劣Ⅴ,30.1,8.97,10.83,133.4,8.4,2.79,0.038,0.038,0.46
269,海南省,04-04 00:00,Ⅱ,30.1,8.97,10.83,133.4,8.4,2.79,0.038,0.038,0.46
271,海南省,04-04 08:00,Ⅱ,29.7,8.68,9.1,132.0,8.5,2.44,0.054,0.036,0.49
272,海南省,04-04 12:00,Ⅱ,30.5,8.8,9.69,133.3,8.2,2.63,0.038,0.036,0.52
273,海南省,04-04 16:00,Ⅱ,30.9,8.87,10.34,132.3,8.7,2.72,0.036,0.037,0.52
274,海南省,04-04 20:00,Ⅱ,30.2,8.77,9.86,131.1,9.9,2.55,0.039,0.035,0.51
275,海南省,04-05 00:00,Ⅱ,30.0,8.56,9.19,128.7,9.1,2.55,0.039,0.035,0.51
276,海南省,04-05 04:00,Ⅱ,29.8,8.43,8.69,128.5,8.6,2.57,0.053,0.032,0.49
277,海南省,04-05 08:00,Ⅱ,29.6,8.21,8.14,128.4,7.8,2.54,0.065,0.031,0.49
278,海南省,04-05 12:00,Ⅱ,30.2,8.46,8.83,129.4,9.1,2.54,0.043,0.03,0.52
279,海南省,04-05 16:00,Ⅱ,30.7,8.57,9.26,129.0,9.3,2.56,0.047,0.031,0.54
280,海南省,04-01 04:00,劣Ⅴ,28.5,6.59,1.85,193.8,91.2,6.05,0.878,0.17,2.1
281,海南省,04-01 12:00,Ⅴ,29.4,6.62,2.04,196.4,87.4,5.73,1.034,0.167,2.37
282,海南省,04-01 16:00,Ⅴ,30.3,6.71,2.74,198.2,81.9,5.73,1.034,0.167,2.37
283,海南省,04-01 20:00,Ⅴ,29.7,6.44,4.78,215.8,82.7,5.95,1.059,0.174,2.55
284,海南省,04-02 00:00,Ⅳ,29.1,6.44,3.69,181.2,85.9,6.03,1.246,0.188,2.57
285,海南省,04-02 00:00,Ⅳ,29.1,6.44,3.69,181.2,85.9,6.03,1.246,0.188,2.57
287,海南省,04-02 12:00,Ⅳ,29.2,6.43,4.48,164.2,87.2,1.5,0.867,0.17,2.12
288,海南省,04-02 16:00,Ⅲ,30.1,6.53,5.56,163.3,82.7,5.53,0.805,0.168,2.0
289,海南省,04-02 20:00,Ⅲ,29.6,6.49,5.04,167.5,82.7,5.49,0.71,0.169,2.0
290,海南省,04-03 00:00,Ⅳ,29.4,6.44,4.32,170.7,85.2,5.95,0.711,0.183,2.03
291,海南省,04-03 00:00,Ⅳ,29.4,6.44,4.32,170.7,85.2,5.95,0.711,0.183,2.03
292,海南省,04-03 08:00,Ⅳ,28.7,6.31,3.25,169.1,85.9,5.44,0.922,0.184,2.29
293,海南省,04-03 12:00,Ⅳ,30.2,6.41,3.87,170.9,86.8,5.35,0.876,0.174,2.08
294,海南省,04-03 16:00,Ⅲ,31.7,6.55,5.37,180.5,73.5,5.05,0.901,0.173,2.02
295,海南省,04-03 20:00,Ⅳ,30.9,6.47,4.31,182.4,74.9,5.46,1.008,0.172,2.43
296,海南省,04-04 00:00,Ⅳ,30.7,6.41,3.53,180.6,82.6,6.13,1.027,0.178,2.35
297,海南省,04-04 00:00,Ⅳ,30.7,6.41,3.53,180.6,82.6,6.13,1.027,0.178,2.35
299,海南省,04-04 08:00,Ⅴ,29.6,6.38,2.39,170.3,74.7,5.22,0.852,0.181,2.2
300,海南省,04-04 12:00,Ⅳ,31.3,6.48,4.04,173.7,57.0,5.32,0.8,0.181,2.41
301,海南省,04-04 16:00,Ⅲ,32.2,6.62,6.08,168.8,57.1,5.64,0.732,0.151,2.34
302,海南省,04-04 20:00,Ⅳ,31.5,6.5,4.7,164.0,71.0,5.82,0.722,0.161,2.19
303,海南省,04-05 00:00,Ⅳ,30.9,6.43,3.69,164.4,81.4,5.82,0.722,0.161,2.19
304,海南省,04-05 04:00,Ⅴ,30.3,6.39,2.9,161.0,79.1,5.44,0.574,0.18,1.95
305,海南省,04-05 08:00,Ⅴ,30.1,6.39,2.59,146.6,76.5,5.23,0.541,0.158,2.05
306,海南省,04-05 12:00,Ⅳ,31.4,6.53,4.61,140.3,57.0,5.23,0.414,0.133,1.99
307,海南省,04-05 16:00,Ⅲ,32.2,6.73,7.35,137.1,56.7,4.85,0.368,0.163,1.84
308,海南省,04-01 04:00,Ⅴ,25.6,7.01,2.9,99.1,9.0,1.85,0.076,0.035,0.82
309,海南省,04-01 12:00,Ⅴ,25.7,6.99,2.76,98.5,9.5,1.78,0.068,0.034,0.84
310,海南省,04-01 16:00,Ⅳ,26.1,7.07,3.17,90.7,1.9,1.78,0.068,0.034,0.84
311,海南省,04-01 20:00,Ⅳ,26.1,7.05,3.31,91.8,1.9,1.81,0.064,0.036,0.85
312,海南省,04-02 00:00,Ⅲ,26.5,7.19,5.05,91.2,2.2,1.9,0.063,0.037,0.84
313,海南省,04-02 00:00,Ⅲ,26.5,7.19,5.05,91.2,2.2,1.9,0.063,0.037,0.84
314,海南省,04-02 08:00,Ⅳ,26.3,7.1,3.92,92.5,2.2,1.9,0.074,0.037,0.85
315,海南省,04-02 12:00,Ⅳ,26.2,7.11,3.85,91.9,2.2,1.75,0.075,0.037,0.85
316,海南省,04-02 16:00,Ⅳ,26.7,7.14,4.3,92.0,2.2,1.8,0.073,0.037,0.85
317,海南省,04-02 20:00,Ⅳ,26.8,7.18,4.58,93.4,2.3,1.79,0.067,0.037,0.86
318,海南省,04-03 00:00,Ⅳ,26.8,7.2,4.55,96.0,2.4,1.75,0.073,0.039,0.83
319,海南省,04-03 00:00,Ⅳ,26.8,7.2,4.55,96.0,2.4,1.75,0.073,0.039,0.83
320,海南省,04-03 08:00,Ⅳ,26.9,7.16,4.03,95.9,2.4,1.61,0.089,0.038,0.82
321,海南省,04-03 12:00,Ⅳ,26.9,7.13,3.96,93.9,2.8,1.74,0.089,0.04,0.86
322,海南省,04-03 16:00,Ⅳ,27.2,7.17,4.58,92.7,2.8,1.74,0.086,0.04,0.89
323,海南省,04-03 20:00,Ⅳ,27.4,7.22,4.67,93.8,2.6,1.84,0.066,0.038,0.85
324,海南省,04-04 00:00,Ⅳ,27.4,7.19,4.55,93.4,2.4,1.88,0.069,0.039,0.84
325,海南省,04-04 00:00,Ⅳ,27.4,7.19,4.55,93.4,2.4,1.88,0.069,0.039,0.84
330,海南省,04-04 00:00,Ⅳ,27.4,7.19,4.55,93.4,2.4,1.83,0.067,0.038,0.82
331,海南省,04-04 00:00,Ⅳ,27.4,7.19,4.55,93.4,2.4,1.83,0.067,0.038,0.82
339,海南省,04-01 20:00,Ⅱ,28.5,8.6,9.43,163.3,9.4,3.34,0.025,0.053,0.46
340,海南省,04-02 00:00,Ⅱ,28.2,8.44,8.69,163.6,9.5,3.21,0.025,0.049,0.41
341,海南省,04-02 00:00,Ⅱ,28.2,8.44,8.69,163.6,9.5,3.21,0.025,0.049,0.41
342,海南省,04-02 08:00,Ⅱ,28.0,8.1,7.56,163.6,9.4,2.98,0.025,0.048,0.42
343,海南省,04-02 12:00,Ⅱ,28.5,8.45,8.81,163.5,9.6,3.07,0.025,0.05,0.56
344,海南省,04-02 16:00,Ⅱ,29.0,8.59,9.63,163.7,10.2,3.14,0.025,0.048,0.43
345,海南省,04-02 20:00,Ⅱ,28.8,8.62,9.42,163.6,10.2,3.39,0.025,0.05,0.5
346,海南省,04-03 00:00,Ⅱ,28.4,8.44,8.5,163.8,9.4,3.45,0.025,0.052,0.39
347,海南省,04-03 00:00,Ⅱ,28.4,8.44,8.5,163.8,9.4,3.45,0.025,0.052,0.39
348,海南省,04-03 08:00,Ⅴ,28.3,8.16,7.75,163.9,10.4,10.74,0.025,0.051,0.46
349,海南省,04-03 12:00,Ⅱ,29.1,7.77,9.16,169.3,12.4,3.21,0.025,0.053,0.55
350,海南省,04-03 16:00,Ⅱ,29.9,8.45,10.22,176.2,12.2,3.1,0.025,0.049,0.4
351,海南省,04-03 20:00,Ⅲ,29.6,8.34,9.06,175.9,11.7,4.15,0.025,0.064,0.47
352,海南省,04-04 00:00,Ⅴ,29.3,8.09,8.46,176.0,10.9,10.99,0.025,0.061,0.49
353,海南省,04-04 00:00,Ⅴ,29.3,8.09,8.46,176.0,10.9,10.99,0.025,0.061,0.49
355,海南省,04-04 08:00,Ⅱ,29.0,8.13,8.36,175.3,10.0,3.31,0.025,0.055,0.47
356,海南省,04-04 12:00,Ⅴ,30.4,8.65,11.89,176.5,12.6,11.03,0.025,0.049,0.43
357,海南省,04-04 16:00,Ⅴ,30.7,8.87,13.58,177.2,15.7,11.02,0.025,0.053,0.44
358,海南省,04-04 20:00,Ⅱ,30.0,8.73,11.28,176.2,14.5,3.8,0.025,0.056,0.51
359,海南省,04-05 00:00,Ⅱ,29.9,8.65,12.0,175.8,12.8,3.8,0.025,0.056,0.51
360,海南省,04-05 04:00,Ⅱ,29.7,8.51,10.93,175.2,8.4,3.2,0.025,0.055,0.43
361,海南省,04-05 08:00,Ⅱ,29.5,8.42,10.16,176.0,10.4,3.1,0.025,0.053,0.43
362,海南省,04-05 12:00,Ⅱ,31.1,8.69,12.15,178.2,9.8,3.14,0.025,0.051,0.41
363,海南省,04-05 16:00,Ⅱ,31.3,8.83,14.25,178.2,16.1,3.49,0.025,0.051,0.42
364,海南省,04-01 04:00,Ⅴ,27.1,7.73,7.19,169.8,13.1,10.52,0.025,0.078,1.3
365,海南省,04-01 12:00,Ⅴ,27.8,8.4,9.2,168.9,13.0,10.17,0.025,0.079,1.27
366,海南省,04-01 16:00,Ⅴ,28.0,8.68,10.0,169.3,13.4,10.17,0.025,0.079,1.27
367,海南省,04-01 20:00,Ⅴ,27.7,8.41,8.63,169.6,13.6,10.96,0.025,0.08,1.28
368,海南省,04-02 00:00,Ⅴ,27.6,7.77,7.07,169.9,13.0,10.7,0.025,0.081,1.35
369,海南省,04-02 00:00,Ⅴ,27.6,7.77,7.07,169.9,13.0,10.7,0.025,0.081,1.35
370,海南省,04-02 08:00,Ⅴ,27.3,7.6,6.62,170.0,12.3,10.66,0.025,0.079,1.33
371,海南省,04-02 12:00,Ⅳ,28.2,8.44,9.02,169.1,12.1,9.93,0.025,0.077,1.25
372,海南省,04-02 16:00,Ⅴ,28.3,8.74,8.74,169.6,12.2,10.96,0.025,0.079,1.28
373,海南省,04-02 20:00,Ⅳ,27.8,8.28,8.21,170.1,12.3,8.68,0.025,0.085,1.2
374,海南省,04-03 00:00,Ⅳ,27.6,7.69,6.66,170.3,12.9,8.68,0.025,0.082,1.23
375,海南省,04-03 00:00,Ⅳ,27.6,7.69,6.66,170.3,12.9,8.68,0.025,0.082,1.23
376,海南省,04-03 08:00,Ⅳ,27.5,7.46,5.83,170.4,12.4,8.02,0.025,0.083,1.24
377,海南省,04-03 12:00,Ⅳ,28.6,8.74,10.12,169.6,11.7,8.13,0.025,0.08,1.19
378,海南省,04-03 16:00,劣Ⅴ,28.8,9.06,12.3,171.5,11.3,8.82,0.025,0.08,1.17
379,海南省,04-03 20:00,劣Ⅴ,28.4,9.02,11.18,171.1,11.6,8.66,0.025,0.082,1.2
380,海南省,04-04 00:00,劣Ⅴ,28.2,8.64,8.78,170.5,11.5,9.33,0.025,0.08,1.19
381,海南省,04-04 00:00,Ⅳ,28.2,8.64,8.78,170.5,11.5,9.33,0.025,0.08,1.19
384,海南省,04-04 12:00,劣Ⅴ,29.9,9.26,15.0,173.4,10.0,8.55,0.025,0.076,1.17
385,海南省,04-04 16:00,劣Ⅴ,31.8,9.53,21.86,178.4,10.4,8.72,0.025,0.075,1.12
386,海南省,04-04 20:00,劣Ⅴ,31.0,9.55,18.15,178.7,9.7,9.14,0.025,0.071,1.14
387,海南省,04-05 00:00,劣Ⅴ,30.2,9.31,12.54,175.3,9.4,9.14,0.025,0.071,1.14
388,海南省,04-05 04:00,劣Ⅴ,29.4,9.08,10.16,173.1,10.2,8.91,0.025,0.072,1.17
389,海南省,04-05 08:00,Ⅳ,29.0,8.85,8.9,172.7,10.9,8.31,0.025,0.069,1.18
390,海南省,04-05 12:00,Ⅳ,29.0,8.9,9.11,172.5,11.1,8.76,0.025,0.07,1.15
391,海南省,04-05 16:00,劣Ⅴ,29.0,9.1,10.76,173.4,12.6,9.01,0.025,0.075,1.2
392,海南省,04-01 04:00,Ⅳ,28.5,6.78,3.2,5494.0,9.5,3.83,1.442,0.228,2.6
396,海南省,04-02 00:00,Ⅲ,29.4,6.84,6.31,6267.9,8.0,4.24,0.285,0.116,1.1
397,海南省,04-02 00:00,Ⅲ,29.4,6.84,6.31,6267.9,8.0,4.24,0.285,0.116,1.1
398,海南省,04-02 08:00,Ⅴ,28.2,6.71,2.87,4134.6,11.2,3.46,0.793,0.153,1.64
399,海南省,04-02 08:00,Ⅴ,28.2,6.71,2.87,4134.6,11.2,3.44,0.582,0.137,1.38
401,海南省,04-02 20:00,Ⅲ,30.6,8.11,7.92,9269.9,10.0,4.02,0.139,0.102,0.93
402,海南省,04-03 00:00,Ⅲ,29.6,7.81,6.24,7400.3,8.3,4.55,0.084,0.089,0.79
403,海南省,04-03 00:00,Ⅲ,29.6,7.81,6.24,7400.3,8.3,4.55,0.084,0.089,0.79
404,海南省,04-03 08:00,Ⅳ,28.0,6.92,3.0,3311.4,16.1,3.16,0.336,0.096,0.89
405,海南省,04-03 12:00,Ⅲ,31.4,7.97,7.3,4456.6,13.2,3.4,0.625,0.148,1.39
406,海南省,04-03 16:00,Ⅲ,33.0,8.62,10.89,6553.8,9.4,3.59,0.24,0.117,0.77
407,海南省,04-03 20:00,Ⅲ,32.1,8.64,10.15,7257.7,9.9,4.11,0.065,0.101,0.9
408,海南省,04-04 00:00,Ⅲ,30.7,8.02,6.55,6656.5,8.7,4.29,0.099,0.09,0.88
409,海南省,04-04 00:00,Ⅲ,30.7,8.02,6.55,6656.5,8.7,4.29,0.099,0.09,0.88
411,海南省,04-04 08:00,劣Ⅴ,28.7,6.95,2.57,2758.6,11.4,3.98,2.072,0.304,3.28
412,海南省,04-04 12:00,Ⅲ,32.1,8.23,8.58,5240.7,11.1,3.8,0.337,0.133,3.28
413,海南省,04-04 16:00,Ⅲ,33.1,8.8,12.58,8570.4,10.5,4.87,0.065,0.105,1.15
414,海南省,04-04 20:00,Ⅲ,31.9,8.52,8.72,8763.4,11.3,4.91,0.067,0.1,1.24
415,海南省,04-05 00:00,Ⅲ,30.1,8.42,6.66,6349.7,9.2,4.91,0.067,0.1,1.24
416,海南省,04-05 04:00,Ⅳ,28.8,7.43,4.05,2625.5,8.8,3.59,0.294,0.09,0.9
417,海南省,04-05 08:00,Ⅳ,28.2,7.01,3.18,2953.3,11.4,3.51,0.272,0.114,0.96
418,海南省,04-05 12:00,Ⅲ,31.4,8.08,7.36,4443.5,14.4,4.14,0.219,0.109,0.84
419,海南省,04-05 16:00,Ⅲ,32.7,8.54,9.67,5954.8,14.0,4.99,0.504,0.155,1.43
420,海南省,04-01 04:00,Ⅱ,27.2,7.58,6.66,135.8,3.5,1.98,0.025,0.035,1.32
421,海南省,04-01 12:00,Ⅱ,27.2,7.75,7.01,122.0,4.9,2.16,0.303,0.034,0.97
422,海南省,04-01 12:00,Ⅱ,27.2,7.75,7.01,122.0,4.9,2.16,0.303,0.034,0.97
423,海南省,04-01 16:00,Ⅱ,28.0,8.11,7.25,118.3,3.8,2.24,0.292,0.031,0.91
424,海南省,04-01 20:00,Ⅱ,27.3,7.89,6.94,118.2,3.6,2.21,0.268,0.031,0.94
425,海南省,04-01 20:00,Ⅱ,27.3,7.89,6.94,118.2,3.6,2.21,0.268,0.031,0.94
426,海南省,04-02 04:00,Ⅱ,25.2,7.42,6.62,113.6,33.2,2.85,0.396,0.047,1.16
427,海南省,04-02 08:00,Ⅱ,24.2,7.31,6.53,108.1,8.8,2.54,0.331,0.032,0.86
428,海南省,04-02 12:00,Ⅱ,25.3,7.59,6.86,109.6,5.5,2.54,0.3,0.028,0.74
429,海南省,04-02 16:00,Ⅲ,26.6,7.75,7.0,111.3,5.6,3.93,0.81,0.031,0.65
430,海南省,04-02 20:00,Ⅱ,26.4,7.63,6.67,113.3,4.0,3.87,0.245,0.033,0.6
431,海南省,04-02 20:00,Ⅱ,26.4,7.63,6.67,113.3,4.0,3.87,0.245,0.033,0.6
432,海南省,04-03 04:00,Ⅱ,25.5,7.44,6.32,118.7,3.7,3.82,0.39,0.034,0.53
433,海南省,04-03 08:00,Ⅱ,24.9,7.5,6.54,110.7,6.6,3.81,0.372,0.028,0.32
434,海南省,04-03 12:00,Ⅱ,25.9,7.65,6.92,108.0,4.5,3.81,0.31,0.024,0.38
435,海南省,04-03 16:00,Ⅱ,27.1,7.88,7.15,110.4,3.6,3.82,0.289,0.028,0.39
436,海南省,04-03 20:00,Ⅱ,26.7,7.72,6.85,112.8,3.2,3.78,0.357,0.028,0.41
437,海南省,04-03 20:00,Ⅱ,26.7,7.72,6.85,112.8,3.2,3.78,0.357,0.028,0.41
438,海南省,04-04 04:00,Ⅱ,26.0,7.45,6.51,121.7,3.0,3.75,0.401,0.031,0.69
439,海南省,04-04 04:00,Ⅱ,26.0,7.45,6.51,121.7,3.0,3.75,0.401,0.031,0.69
440,海南省,04-04 12:00,Ⅱ,26.1,7.68,7.03,107.2,4.5,3.77,0.373,0.025,0.28
441,海南省,04-04 16:00,Ⅱ,26.9,7.88,7.2,111.1,3.6,3.77,0.387,0.025,0.38
442,海南省,04-04 20:00,Ⅱ,26.5,7.69,6.83,113.7,3.2,3.75,0.342,0.028,0.44
443,海南省,04-04 20:00,Ⅱ,26.5,7.69,6.83,113.7,3.2,3.75,0.342,0.028,0.44
444,海南省,04-05 04:00,Ⅱ,25.7,7.46,6.61,120.2,3.0,3.73,0.389,0.03,0.73
445,海南省,04-05 08:00,Ⅱ,25.5,7.45,6.48,120.7,3.2,3.71,0.315,0.036,0.54
446,海南省,04-05 12:00,Ⅱ,26.0,7.6,6.89,120.9,3.3,3.71,0.344,0.041,0.48
447,海南省,04-05 16:00,Ⅱ,27.3,7.87,7.09,121.0,3.4,3.73,0.384,0.041,0.44
448,海南省,04-01 08:00,Ⅱ,29.7,8.01,6.08,289.1,2.3,1.89,0.026,0.041,0.34
449,海南省,04-01 12:00,Ⅱ,31.0,8.12,7.96,291.6,2.5,1.82,0.026,0.038,0.32
450,海南省,04-01 16:00,Ⅱ,32.0,8.47,10.36,290.3,2.5,1.82,0.026,0.038,0.32
451,海南省,04-01 20:00,Ⅱ,31.3,8.55,9.85,291.0,2.1,1.83,0.025,0.042,0.37
452,海南省,04-02 00:00,Ⅱ,30.5,8.41,8.4,292.7,1.9,1.8,0.025,0.039,0.34
453,海南省,04-02 00:00,Ⅱ,30.5,8.41,8.4,292.7,1.9,1.8,0.025,0.039,0.34
454,海南省,04-02 08:00,Ⅱ,29.6,8.03,6.52,293.1,2.2,1.77,0.029,0.039,0.33
455,海南省,04-02 12:00,Ⅱ,30.8,8.18,8.35,292.4,2.4,1.83,0.027,0.039,0.32
456,海南省,04-02 16:00,Ⅱ,31.9,8.56,9.23,291.6,4.1,1.78,0.025,0.04,0.3
457,海南省,04-02 20:00,Ⅱ,30.9,8.28,8.24,311.2,4.2,1.89,0.025,0.04,0.31
458,海南省,04-03 00:00,Ⅱ,30.1,8.15,7.75,312.9,3.2,1.81,0.025,0.038,0.34
459,海南省,04-03 00:00,Ⅱ,30.1,8.15,7.75,312.9,3.2,1.81,0.025,0.038,0.34
460,海南省,04-03 08:00,Ⅱ,28.6,7.63,7.09,314.5,3.7,1.9,0.027,0.039,0.3
461,海南省,04-03 12:00,Ⅱ,31.0,7.94,7.92,314.2,4.2,1.85,0.031,0.037,0.33
462,海南省,04-03 16:00,Ⅱ,33.1,8.32,8.44,313.7,4.7,1.84,0.025,0.039,0.28
463,海南省,04-03 20:00,Ⅱ,31.9,8.36,8.32,316.6,4.6,1.81,0.025,0.038,0.37
464,海南省,04-04 00:00,Ⅱ,30.8,8.26,8.01,317.3,3.5,1.91,0.025,0.04,0.34
465,海南省,04-04 00:00,Ⅱ,30.8,8.26,8.01,317.3,3.5,1.91,0.025,0.04,0.34
468,海南省,04-04 12:00,Ⅱ,31.3,7.97,8.01,315.9,4.1,1.81,0.025,0.039,0.33
469,海南省,04-04 16:00,Ⅱ,33.0,8.27,9.69,315.9,4.9,1.81,0.025,0.038,0.39
470,海南省,04-04 20:00,Ⅱ,32.1,8.33,8.74,316.8,3.8,1.87,0.025,0.049,0.43
471,海南省,04-05 00:00,Ⅱ,31.3,8.24,8.44,318.0,3.6,1.87,0.025,0.049,0.43
472,海南省,04-05 04:00,Ⅱ,30.5,8.07,7.56,317.0,3.2,1.89,0.025,0.039,0.29
473,海南省,04-05 08:00,Ⅱ,30.2,7.9,6.88,317.3,3.9,1.86,0.025,0.04,0.36
474,海南省,04-05 12:00,Ⅱ,31.0,8.02,8.21,316.6,3.7,1.92,0.025,0.041,0.32
475,海南省,04-05 16:00,Ⅱ,32.0,8.24,9.25,315.4,4.2,1.97,0.025,0.04,0.38
476,海南省,04-01 04:00,Ⅱ,28.5,7.13,9.42,103.0,3.3,2.18,0.025,0.028,0.5
477,海南省,04-01 12:00,Ⅱ,29.3,7.01,8.59,103.1,3.6,2.24,0.025,0.026,0.5
478,海南省,04-01 16:00,Ⅱ,29.8,7.11,9.32,102.3,3.5,2.24,0.025,0.026,0.5
479,海南省,04-01 20:00,Ⅱ,29.5,7.1,8.57,101.9,2.9,2.15,0.025,0.029,0.54
480,海南省,04-02 00:00,Ⅱ,29.1,7.05,8.46,101.6,3.1,2.3,0.025,0.026,0.6
481,海南省,04-02 00:00,Ⅱ,29.1,7.05,8.46,101.6,3.1,2.3,0.025,0.026,0.6
482,海南省,04-02 08:00,Ⅱ,28.6,6.79,7.32,100.1,3.8,2.25,0.025,0.027,0.5
483,海南省,04-02 12:00,Ⅱ,29.2,7.06,8.52,100.9,3.3,2.45,0.025,0.028,0.51
484,海南省,04-02 16:00,Ⅱ,30.8,7.19,8.98,101.3,3.4,2.19,0.025,0.028,0.47
485,海南省,04-02 20:00,Ⅱ,30.2,7.16,8.64,101.8,3.1,2.48,0.025,0.026,0.48
486,海南省,04-03 00:00,Ⅱ,29.6,6.9,8.19,101.6,3.1,2.41,0.025,0.026,0.49
487,海南省,04-03 00:00,Ⅱ,29.6,6.9,8.19,101.6,3.1,2.41,0.025,0.026,0.49
488,海南省,04-03 08:00,Ⅱ,29.1,6.92,8.0,97.0,5.6,2.15,0.025,0.027,0.47
489,海南省,04-03 12:00,Ⅱ,29.8,7.13,8.46,98.3,3.9,2.56,0.025,0.029,0.51
490,海南省,04-03 16:00,Ⅱ,30.5,7.13,8.44,98.6,3.0,2.54,0.025,0.028,0.5
491,海南省,04-03 20:00,Ⅱ,30.2,7.14,8.32,98.3,3.1,2.08,0.025,0.028,0.51
492,海南省,04-04 00:00,Ⅱ,29.7,7.22,8.46,98.2,3.1,2.33,0.025,0.027,0.49
493,海南省,04-04 00:00,Ⅱ,29.7,7.22,8.46,98.2,3.1,2.33,0.025,0.027,0.49
495,海南省,04-04 08:00,Ⅱ,29.3,7.06,7.95,98.2,4.2,2.63,0.025,0.029,0.45
496,海南省,04-04 12:00,Ⅱ,30.0,7.27,8.83,98.2,3.3,3.5,0.025,0.028,0.45
497,海南省,04-04 16:00,Ⅱ,30.7,7.36,8.83,98.2,3.6,2.82,0.025,0.028,0.5
498,海南省,04-04 20:00,Ⅱ,30.2,7.4,9.42,98.3,3.2,2.17,0.025,0.027,0.47
499,海南省,04-05 00:00,Ⅱ,29.7,7.23,9.2,97.9,3.5,2.17,0.025,0.027,0.47
500,海南省,04-05 04:00,Ⅱ,29.6,7.25,9.01,98.0,3.0,3.03,0.025,0.028,0.49
501,海南省,04-05 08:00,Ⅱ,29.3,7.12,8.39,97.9,3.2,2.72,0.042,0.028,0.48
502,海南省,04-05 12:00,Ⅲ,29.4,7.28,8.99,97.7,5.1,4.41,0.025,0.029,0.46
503,海南省,04-05 16:00,Ⅲ,30.0,6.75,7.92,86.4,13.3,4.41,0.025,0.035,0.58
504,海南省,04-01 04:00,Ⅱ,25.6,7.56,6.84,113.0,7.8,2.11,0.082,0.037,1.09
505,海南省,04-01 12:00,Ⅱ,26.5,7.63,8.07,107.3,10.4,2.05,0.027,0.032,0.92
506,海南省,04-01 12:00,Ⅱ,26.5,7.63,8.07,107.3,10.4,2.05,0.027,0.032,0.92
507,海南省,04-01 16:00,Ⅱ,27.9,7.87,9.24,106.0,8.0,2.08,0.025,0.032,0.84
508,海南省,04-01 20:00,Ⅱ,26.8,7.75,8.27,110.4,4.8,2.0,0.025,0.036,0.97
509,海南省,04-02 00:00,Ⅱ,26.0,7.6,7.29,109.3,6.8,2.0,0.025,0.036,0.97
510,海南省,04-02 04:00,Ⅱ,25.7,7.52,6.86,111.0,9.7,2.05,0.025,0.031,1.04
511,海南省,04-02 08:00,Ⅱ,25.2,7.5,6.67,110.2,9.0,2.08,0.027,0.033,0.98
512,海南省,04-02 12:00,Ⅱ,26.1,7.63,8.0,106.2,6.2,1.88,0.025,0.03,0.89
513,海南省,04-02 16:00,Ⅱ,26.8,7.48,8.94,112.9,8.8,1.9,0.025,0.028,0.91
514,海南省,04-02 20:00,Ⅱ,26.1,7.45,8.27,114.4,8.3,1.97,0.025,0.034,0.9
515,海南省,04-03 00:00,Ⅱ,25.5,7.28,7.3,115.5,14.4,1.97,0.025,0.034,0.9
516,海南省,04-03 04:00,Ⅱ,25.2,7.2,6.86,116.3,14.2,2.06,0.027,0.033,0.97
517,海南省,04-03 08:00,Ⅱ,24.7,7.18,6.78,116.9,11.7,2.02,0.031,0.032,0.97
518,海南省,04-03 12:00,Ⅱ,26.5,7.36,8.41,112.1,6.4,2.0,0.025,0.027,0.88
519,海南省,04-03 16:00,Ⅱ,28.1,7.55,9.2,113.3,10.9,2.03,0.025,0.03,0.77
520,海南省,04-03 20:00,Ⅱ,26.9,7.52,8.38,112.1,6.4,2.01,0.025,0.027,0.88
521,海南省,04-04 00:00,Ⅱ,26.0,7.3,7.35,115.0,12.4,2.01,0.025,0.027,0.88
523,海南省,04-04 08:00,Ⅱ,25.1,7.18,6.72,117.7,9.7,2.1,0.025,0.033,0.95
524,海南省,04-04 12:00,Ⅱ,27.0,7.32,8.38,114.0,8.5,1.95,0.025,0.029,0.91
525,海南省,04-04 16:00,Ⅱ,28.4,7.54,9.24,113.4,8.1,1.97,0.025,0.031,0.82
526,海南省,04-04 20:00,Ⅱ,27.0,7.48,8.29,111.6,7.3,1.96,0.025,0.029,0.79
527,海南省,04-05 00:00,Ⅱ,26.1,7.28,7.21,115.6,11.6,1.96,0.025,0.029,0.79
528,海南省,04-05 04:00,Ⅱ,25.4,7.2,6.86,116.0,10.2,1.97,0.037,0.031,0.95
529,海南省,04-05 08:00,Ⅱ,24.9,7.16,6.7,115.8,12.7,1.81,0.036,0.032,0.93
530,海南省,04-05 12:00,Ⅱ,26.0,7.25,7.78,114.4,19.6,2.05,0.032,0.034,0.89
531,海南省,04-05 16:00,Ⅱ,27.7,7.52,9.23,111.9,9.0,2.01,0.025,0.03,0.78
532,海南省,04-01 04:00,Ⅰ,24.7,7.14,10.67,85.3,65.8,1.32,0.1,0.005,0.54
533,海南省,04-01 08:00,Ⅰ,24.6,7.1,10.87,85.4,64.0,1.35,0.1,0.005,0.51
534,海南省,04-01 08:00,Ⅰ,24.6,7.1,10.87,85.4,64.0,1.35,0.1,0.005,0.51
535,海南省,04-01 16:00,Ⅰ,25.5,7.34,11.33,85.1,63.7,1.52,0.1,0.006,0.46
536,海南省,04-01 20:00,Ⅰ,25.3,7.23,11.15,85.5,70.5,1.33,0.11,0.007,0.57
537,海南省,04-01 20:00,Ⅰ,25.3,7.23,11.15,85.5,70.5,1.33,0.11,0.007,0.57
538,海南省,04-02 04:00,Ⅰ,24.9,7.02,10.76,85.6,66.1,1.24,0.12,0.007,0.58
539,海南省,04-02 08:00,Ⅱ,24.8,7.05,11.02,85.6,63.8,1.24,0.09,0.016,0.58
540,海南省,04-02 12:00,Ⅰ,25.4,7.17,11.64,84.8,62.0,1.37,0.08,0.008,0.57
541,海南省,04-02 16:00,Ⅰ,25.6,7.23,10.7,85.3,65.6,1.43,0.08,0.005,0.48
542,海南省,04-02 20:00,Ⅰ,25.4,7.15,10.76,85.7,68.5,1.18,0.1,0.006,0.48
543,海南省,04-02 20:00,Ⅰ,25.4,7.15,10.76,85.7,68.5,1.18,0.1,0.006,0.48
544,海南省,04-03 04:00,Ⅰ,24.9,7.05,10.68,85.7,67.4,1.27,0.11,0.007,0.51
545,海南省,04-03 08:00,Ⅰ,25.2,7.29,11.71,84.6,65.6,1.31,0.08,0.008,0.43
546,海南省,04-03 12:00,Ⅰ,25.9,7.7,11.64,85.5,64.9,1.5,0.08,0.009,0.46
547,海南省,04-03 16:00,Ⅰ,25.8,7.59,10.41,85.9,69.7,1.35,0.08,0.005,0.57
548,海南省,04-03 20:00,Ⅰ,25.6,7.23,9.7,86.0,77.4,1.23,0.09,0.005,0.5
549,海南省,04-03 20:00,Ⅰ,25.6,7.23,9.7,86.0,77.4,1.23,0.09,0.005,0.5
550,海南省,04-04 04:00,Ⅰ,25.1,7.07,9.87,85.6,74.1,1.16,0.1,0.009,0.53
551,海南省,04-04 08:00,Ⅰ,24.9,7.18,10.18,85.6,73.0,1.21,0.08,0.006,0.51
552,海南省,04-04 12:00,Ⅰ,25.6,7.27,9.93,85.3,69.8,1.32,0.08,0.01,0.49
553,海南省,04-04 16:00,Ⅰ,25.5,7.23,10.39,86.3,75.9,1.17,0.08,0.005,0.57
554,海南省,04-04 20:00,Ⅰ,25.1,6.97,9.79,86.4,67.6,1.02,0.09,0.006,0.62
555,海南省,04-04 20:00,Ⅰ,25.1,6.97,9.79,86.4,67.6,1.02,0.09,0.006,0.62
556,海南省,04-05 04:00,Ⅰ,24.7,6.92,10.31,85.9,51.8,0.99,0.09,0.006,0.63
557,海南省,04-05 08:00,Ⅱ,24.8,6.96,10.62,85.3,48.4,1.05,0.09,0.011,0.52
558,海南省,04-05 12:00,Ⅰ,25.4,7.13,10.98,85.1,46.3,1.18,0.08,0.008,0.48
559,海南省,04-05 16:00,Ⅰ,25.7,7.22,10.62,85.2,46.6,1.12,0.08,0.007,0.56
560,海南省,04-01 04:00,Ⅱ,24.3,7.35,11.09,88.5,2.4,2.46,0.36,0.013,0.36
561,海南省,04-01 12:00,Ⅱ,24.9,7.42,11.12,89.6,2.1,2.36,0.44,0.008,0.35
562,海南省,04-01 12:00,Ⅱ,24.9,7.42,11.12,89.6,2.1,2.36,0.44,0.008,0.35
563,海南省,04-01 16:00,Ⅱ,25.4,7.48,11.0,89.9,2.1,2.34,0.24,0.01,0.38
564,海南省,04-01 20:00,Ⅱ,25.4,7.39,11.02,89.5,2.2,2.36,0.28,0.01,0.38
565,海南省,04-01 20:00,Ⅱ,25.4,7.39,11.02,89.5,2.2,2.36,0.28,0.01,0.38
566,海南省,04-02 04:00,Ⅱ,24.9,7.43,11.01,88.7,2.2,2.32,0.27,0.008,0.36
567,海南省,04-02 08:00,Ⅱ,25.5,7.41,10.59,88.3,2.2,2.48,0.25,0.012,0.36
568,海南省,04-02 12:00,Ⅱ,26.0,7.37,10.42,89.1,2.1,2.17,0.27,0.009,0.36
569,海南省,04-02 16:00,Ⅲ,26.1,7.37,10.55,90.3,2.0,2.31,0.7,0.008,0.39
570,海南省,04-02 20:00,Ⅱ,26.1,7.41,10.54,89.6,2.1,2.35,0.49,0.011,0.38
571,海南省,04-02 20:00,Ⅱ,26.1,7.41,10.54,89.6,2.1,2.35,0.49,0.011,0.38
572,海南省,04-03 04:00,Ⅱ,25.4,7.37,10.45,88.3,2.0,2.33,0.31,0.007,0.36
573,海南省,04-03 08:00,Ⅱ,25.1,7.35,10.42,88.0,2.1,2.33,0.39,0.007,0.38
574,海南省,04-03 12:00,Ⅲ,24.8,7.3,10.54,88.5,2.1,2.25,0.59,0.009,0.39
575,海南省,04-03 16:00,Ⅱ,26.2,7.24,9.99,89.5,2.0,2.36,0.48,0.012,0.41
576,海南省,04-03 20:00,Ⅱ,25.4,7.24,10.32,88.7,1.9,2.15,0.36,0.009,0.39
577,海南省,04-03 20:00,Ⅱ,25.4,7.24,10.32,88.7,1.9,2.15,0.36,0.009,0.39
578,海南省,04-04 04:00,Ⅱ,24.1,7.2,10.32,87.2,2.1,2.12,0.41,0.011,0.4
579,海南省,04-04 08:00,Ⅱ,23.5,7.17,10.62,87.0,2.0,2.23,0.33,0.008,0.4
580,海南省,04-04 12:00,Ⅱ,26.2,7.19,9.94,88.7,2.0,2.17,0.34,0.011,0.4
581,海南省,04-04 16:00,Ⅱ,26.0,7.19,9.86,88.8,1.9,2.16,0.35,0.01,0.42
582,海南省,04-04 20:00,Ⅱ,24.6,7.18,10.24,87.8,2.0,2.03,0.22,0.01,0.41
583,海南省,04-04 20:00,Ⅱ,24.6,7.18,10.24,87.8,2.0,2.03,0.22,0.01,0.41
584,海南省,04-05 04:00,Ⅱ,25.4,7.15,10.25,87.1,2.3,2.13,0.34,0.01,0.39
585,海南省,04-05 08:00,Ⅳ,23.5,7.2,11.04,87.1,2.2,2.22,1.15,0.009,0.41
586,海南省,04-05 12:00,Ⅱ,25.8,7.21,10.04,87.9,2.0,2.18,0.35,0.011,0.4
587,海南省,04-05 16:00,Ⅱ,25.8,7.17,10.07,88.8,2.0,2.08,0.25,0.008,0.42
588,海南省,04-01 04:00,Ⅳ,27.8,7.52,7.69,23676.4,8.0,6.13,0.263,0.063,1.71
589,海南省,04-01 12:00,Ⅳ,28.5,7.57,8.6,25897.9,8.1,6.92,0.156,0.057,1.78
590,海南省,04-01 12:00,Ⅳ,28.5,7.57,8.6,25897.9,8.1,6.92,0.156,0.057,1.78
591,海南省,04-01 20:00,Ⅳ,28.9,7.84,9.6,22265.8,9.8,6.16,0.052,0.052,1.48
592,海南省,04-02 00:00,Ⅲ,28.9,7.84,7.72,22265.8,9.8,5.8,0.343,0.06,1.53
593,海南省,04-02 00:00,Ⅲ,28.3,7.5,7.72,22458.7,8.1,5.8,0.343,0.06,1.53
594,海南省,04-02 08:00,Ⅲ,27.9,7.33,6.65,23044.0,8.0,5.39,0.243,0.057,1.78
595,海南省,04-02 12:00,Ⅳ,28.2,7.47,6.64,26420.3,7.5,6.4,0.305,0.052,1.64
596,海南省,04-02 16:00,Ⅳ,28.9,7.78,8.65,25798.1,8.2,7.39,0.1,0.056,1.87
597,海南省,04-02 20:00,Ⅳ,28.9,7.78,7.13,25798.1,8.2,6.93,0.12,0.054,1.7
598,海南省,04-03 00:00,Ⅳ,28.2,7.28,6.93,22014.7,7.5,6.05,0.321,0.058,1.64
599,海南省,04-03 00:00,Ⅳ,28.2,7.28,6.93,22014.7,7.5,6.05,0.321,0.058,1.64
600,海南省,04-03 08:00,Ⅳ,27.8,7.23,6.27,23814.0,7.3,6.49,0.39,0.057,1.65
601,海南省,04-03 12:00,Ⅳ,27.8,7.23,7.23,23814.0,7.3,6.3,0.458,0.058,1.91
602,海南省,04-03 16:00,Ⅲ,29.1,7.38,6.94,28870.5,7.5,5.27,0.243,0.066,2.2
603,海南省,04-03 20:00,Ⅳ,29.1,7.28,6.11,24997.7,8.2,6.52,0.203,0.063,1.59
604,海南省,04-04 00:00,Ⅲ,28.9,7.17,5.22,24505.7,8.0,5.82,0.79,0.07,1.79
605,海南省,04-04 00:00,Ⅲ,28.9,7.17,5.22,24505.7,8.0,5.82,0.79,0.07,1.79
607,海南省,04-04 08:00,Ⅳ,28.4,7.21,5.39,28548.3,7.2,7.15,0.529,0.069,1.89
608,海南省,04-04 12:00,Ⅲ,29.7,7.25,6.59,22480.5,7.0,5.17,0.352,0.081,2.41
609,海南省,04-04 16:00,Ⅳ,30.1,7.37,7.19,30078.6,7.5,7.3,0.252,0.073,1.66
610,海南省,04-04 20:00,Ⅲ,30.1,7.32,6.48,24415.4,8.0,5.89,0.499,0.078,1.95
611,海南省,04-05 00:00,Ⅲ,29.6,7.19,5.41,23977.5,8.7,5.89,0.499,0.078,1.95
612,海南省,04-05 04:00,Ⅲ,29.1,7.16,5.46,25245.4,7.7,5.97,0.597,0.074,1.88
613,海南省,04-05 08:00,Ⅳ,28.9,7.2,5.69,28139.2,7.3,7.27,0.6,0.072,1.82
614,海南省,04-05 12:00,Ⅳ,28.6,7.26,6.84,24750.7,7.2,6.4,0.418,0.077,2.11
615,海南省,04-05 16:00,Ⅳ,29.0,7.33,6.73,31723.8,7.4,7.36,0.23,0.071,1.55
616,海南省,04-01 04:00,Ⅱ,26.7,8.0,7.84,898.4,18.4,1.13,0.19,0.039,0.92
617,海南省,04-01 12:00,Ⅲ,26.8,8.0,7.56,1390.6,8.0,4.66,0.162,0.044,0.9
618,海南省,04-01 12:00,Ⅲ,26.8,8.0,7.56,1390.6,8.0,4.66,0.162,0.044,0.9
619,海南省,04-01 16:00,Ⅱ,27.9,8.63,9.0,1546.9,9.9,1.96,0.147,0.044,0.83
620,海南省,04-01 20:00,Ⅱ,27.7,8.5,8.44,582.0,9.8,1.15,0.157,0.044,1.0
621,海南省,04-01 20:00,Ⅱ,27.7,8.5,8.44,582.0,9.8,1.15,0.157,0.044,1.0
622,海南省,04-02 04:00,Ⅱ,26.9,7.66,6.81,558.6,6.0,0.77,0.179,0.037,0.95
623,海南省,04-02 08:00,Ⅱ,26.7,7.69,6.66,208.0,6.9,2.98,0.07,0.046,1.05
624,海南省,04-02 12:00,Ⅱ,27.2,7.78,7.75,1429.7,8.1,2.87,0.142,0.044,0.87
625,海南省,04-02 16:00,Ⅱ,28.1,8.19,8.69,2421.9,9.6,2.73,0.125,0.049,0.88
626,海南省,04-02 20:00,Ⅱ,27.8,8.38,8.44,714.8,10.6,2.68,0.137,0.048,0.87
627,海南省,04-02 20:00,Ⅱ,27.8,8.38,8.44,714.8,10.6,2.68,0.137,0.048,0.87
628,海南省,04-03 04:00,Ⅱ,27.1,7.63,7.09,247.1,6.3,1.17,0.161,0.041,0.85
629,海南省,04-03 08:00,Ⅱ,26.7,7.5,6.66,191.4,7.2,1.27,0.202,0.043,0.91
630,海南省,04-03 12:00,Ⅱ,27.4,7.69,7.78,190.4,8.8,2.91,0.127,0.042,0.81
631,海南省,04-03 16:00,Ⅱ,28.4,7.91,8.88,937.5,8.2,1.73,0.195,0.041,0.82
632,海南省,04-03 20:00,Ⅱ,28.5,7.94,8.56,279.3,11.0,1.32,0.143,0.048,0.85
633,海南省,04-03 20:00,Ⅱ,28.5,7.94,8.56,279.3,11.0,1.32,0.143,0.048,0.85
634,海南省,04-04 04:00,Ⅱ,27.6,7.47,6.38,148.4,23.9,3.47,0.273,0.042,0.98
635,海南省,04-04 04:00,Ⅱ,27.6,7.47,6.38,148.4,23.9,3.47,0.273,0.042,0.98
637,海南省,04-04 16:00,Ⅱ,28.6,7.56,8.19,699.2,9.0,1.59,0.155,0.04,0.82
638,海南省,04-04 20:00,Ⅱ,28.9,7.75,8.63,314.5,9.3,1.37,0.153,0.047,0.88
639,海南省,04-04 20:00,Ⅱ,28.9,7.75,8.63,314.5,9.3,1.37,0.153,0.047,0.88
640,海南省,04-05 04:00,Ⅱ,28.1,7.38,6.59,132.8,13.8,0.94,0.255,0.042,0.99
641,海南省,04-05 08:00,Ⅱ,27.9,7.38,6.47,129.9,7.6,1.0,0.255,0.044,0.95
642,海南省,04-05 12:00,Ⅱ,27.9,7.78,7.88,785.2,14.2,0.74,0.162,0.039,0.91
643,海南省,04-05 16:00,Ⅱ,28.6,8.63,9.69,1226.6,18.8,1.86,0.124,0.044,0.84
644,海南省,04-01 08:00,Ⅱ,26.4,7.8,14.04,91.6,3.7,1.79,0.025,0.032,0.76
645,海南省,04-01 12:00,Ⅱ,27.5,7.69,17.75,89.8,4.6,1.72,0.025,0.036,0.78
646,海南省,04-01 16:00,Ⅱ,28.8,7.89,24.65,87.7,4.9,1.72,0.025,0.036,0.78
647,海南省,04-01 20:00,Ⅱ,28.0,8.08,27.91,86.6,4.7,1.61,0.025,0.036,0.74
648,海南省,04-02 00:00,Ⅱ,27.7,7.85,18.35,90.6,4.1,1.78,0.025,0.036,0.76
649,海南省,04-02 00:00,Ⅱ,27.7,7.85,18.35,90.6,4.1,1.78,0.025,0.036,0.76
650,海南省,04-02 08:00,Ⅱ,26.8,7.88,15.83,91.0,3.6,1.76,0.025,0.036,0.74
651,海南省,04-02 12:00,Ⅱ,27.6,7.96,23.1,89.0,3.8,1.93,0.025,0.034,0.74
652,海南省,04-02 16:00,Ⅱ,28.6,8.15,26.48,87.0,4.5,1.81,0.025,0.037,0.75
653,海南省,04-02 20:00,Ⅱ,28.6,7.98,28.8,85.3,4.8,1.66,0.025,0.038,0.7
654,海南省,04-03 00:00,Ⅱ,28.1,7.85,24.49,88.2,5.3,1.97,0.025,0.042,0.77
655,海南省,04-03 00:00,Ⅱ,28.1,7.85,24.49,88.2,5.3,1.97,0.025,0.042,0.77
656,海南省,04-03 08:00,Ⅱ,26.9,7.29,14.34,89.1,4.2,1.98,0.025,0.042,0.79
657,海南省,04-03 12:00,Ⅱ,27.4,7.16,13.82,92.2,4.8,2.01,0.025,0.038,0.76
658,海南省,04-03 16:00,Ⅱ,28.6,7.3,13.71,94.5,4.3,2.05,0.025,0.044,0.78
659,海南省,04-03 20:00,Ⅱ,27.9,7.27,11.32,97.4,4.5,2.03,0.025,0.044,0.79
660,海南省,04-04 00:00,Ⅱ,27.7,7.17,12.23,96.5,4.5,2.03,0.025,0.041,0.84
661,海南省,04-04 00:00,Ⅱ,27.7,7.17,12.23,96.5,4.5,2.03,0.025,0.041,0.84
664,海南省,04-04 12:00,Ⅱ,27.8,7.27,12.67,97.0,4.3,2.02,0.025,0.043,0.82
665,海南省,04-04 16:00,Ⅱ,28.5,7.35,16.51,95.9,4.5,1.97,0.025,0.043,0.84
666,海南省,04-04 20:00,Ⅱ,27.8,7.26,12.16,97.0,4.3,0.99,0.025,0.04,0.8
667,海南省,04-05 00:00,Ⅱ,27.8,7.28,12.81,96.3,4.0,0.99,0.025,0.04,0.8
668,海南省,04-05 04:00,Ⅱ,27.4,7.15,10.76,95.6,3.8,1.72,0.025,0.039,0.78
669,海南省,04-05 08:00,Ⅱ,27.1,7.0,9.49,95.5,3.6,1.84,0.025,0.039,0.82
670,海南省,04-05 12:00,Ⅱ,27.6,7.19,12.17,95.8,3.7,1.79,0.025,0.041,0.81
671,海南省,04-05 16:00,Ⅱ,28.0,7.35,16.97,95.0,4.0,1.86,0.025,0.041,0.8
672,海南省,04-01 08:00,Ⅳ,26.8,7.11,3.85,4601.6,10.7,4.12,0.188,0.051,1.06
673,海南省,04-01 12:00,Ⅳ,28.2,7.22,4.75,9905.9,12.4,4.02,0.122,0.06,1.0
674,海南省,04-01 16:00,Ⅲ,28.9,7.44,6.4,10510.5,9.9,4.02,0.122,0.06,1.0
675,海南省,04-01 20:00,Ⅱ,28.2,7.28,5.77,6541.8,11.2,3.92,0.025,0.053,0.95
676,海南省,04-02 00:00,Ⅲ,27.9,7.25,5.02,12791.8,10.2,4.36,0.135,0.052,0.93
677,海南省,04-02 00:00,Ⅲ,27.9,7.25,5.02,12791.8,10.2,4.36,0.135,0.052,0.93
678,海南省,04-02 08:00,Ⅳ,27.2,7.1,3.82,5818.9,9.4,4.22,0.161,0.05,1.0
681,海南省,04-02 20:00,Ⅲ,28.3,7.21,5.11,7167.4,7.1,3.81,0.13,0.053,0.99
682,海南省,04-03 00:00,Ⅲ,28.0,7.23,5.09,13512.3,8.4,4.17,0.195,0.065,1.04
683,海南省,04-03 00:00,Ⅲ,28.0,7.23,5.09,13512.3,8.4,4.17,0.195,0.065,1.04
684,海南省,04-03 08:00,Ⅳ,27.6,7.08,3.36,6622.1,8.0,3.93,0.182,0.056,1.04
685,海南省,04-03 12:00,Ⅲ,29.2,7.21,5.17,6169.3,8.4,4.04,0.229,0.059,1.14
686,海南省,04-03 16:00,Ⅲ,29.6,7.34,6.14,13051.2,10.2,4.29,0.199,0.061,1.05
687,海南省,04-03 20:00,Ⅱ,29.1,7.25,5.51,8798.1,7.0,3.74,0.192,0.06,1.0
688,海南省,04-04 00:00,Ⅲ,29.0,7.25,4.98,14191.5,8.0,3.94,0.104,0.056,1.0
689,海南省,04-04 00:00,Ⅳ,29.0,7.25,4.98,14191.5,8.0,3.94,0.104,0.056,1.0
691,海南省,04-04 08:00,Ⅳ,28.6,7.11,3.91,7389.3,9.0,4.13,0.106,0.056,1.03
692,海南省,04-04 12:00,Ⅲ,29.9,7.23,6.0,6264.9,10.1,4.09,0.131,0.056,0.95
693,海南省,04-04 16:00,Ⅲ,30.5,7.48,8.47,8375.8,9.5,4.22,0.058,0.052,0.87
694,海南省,04-04 20:00,Ⅲ,30.2,7.44,7.99,10093.8,9.0,4.07,0.046,0.05,0.92
695,海南省,04-05 00:00,Ⅲ,30.0,7.32,6.46,11710.3,7.7,4.07,0.046,0.05,0.92
696,海南省,04-05 04:00,Ⅲ,29.8,7.22,5.25,11048.8,7.1,3.65,0.119,0.052,0.91
697,海南省,04-05 08:00,Ⅲ,29.5,7.18,5.15,6258.1,10.1,4.2,0.116,0.054,0.91
698,海南省,04-05 12:00,Ⅲ,29.4,7.24,6.18,5302.4,11.2,4.33,0.125,0.054,0.84
699,海南省,04-05 16:00,Ⅲ,29.3,7.28,6.71,5815.2,11.5,4.36,0.106,0.053,0.76
700,海南省,04-01 08:00,Ⅳ,28.8,6.99,3.08,152.3,9.9,2.99,0.025,0.056,1.68
701,海南省,04-01 12:00,Ⅲ,29.5,7.12,5.84,144.1,12.3,3.13,0.025,0.065,1.69
702,海南省,04-01 16:00,Ⅱ,30.0,7.43,10.68,140.0,11.7,3.13,0.025,0.065,1.69
703,海南省,04-01 20:00,Ⅱ,30.0,7.36,8.71,140.8,11.6,3.49,0.025,0.067,1.57
704,海南省,04-02 00:00,Ⅲ,29.8,7.1,5.11,142.5,11.6,3.05,0.025,0.057,1.53
705,海南省,04-02 00:00,Ⅲ,29.8,7.1,5.11,142.5,11.6,3.05,0.025,0.057,1.53
706,海南省,04-02 08:00,Ⅴ,28.5,6.91,2.51,144.1,12.6,2.8,0.025,0.059,1.64
707,海南省,04-02 12:00,Ⅳ,29.6,7.01,4.76,138.7,10.4,2.92,0.052,0.066,1.71
708,海南省,04-02 16:00,Ⅱ,29.9,7.25,7.78,140.3,11.4,3.2,0.025,0.064,1.61
709,海南省,04-02 20:00,Ⅱ,30.1,7.04,6.75,144.3,8.4,3.28,0.025,0.064,1.49
710,海南省,04-03 00:00,Ⅲ,29.8,6.84,5.34,140.7,7.9,3.13,0.025,0.066,1.42
711,海南省,04-03 00:00,Ⅲ,29.8,6.84,5.34,140.7,7.9,3.13,0.025,0.066,1.42
712,海南省,04-03 08:00,Ⅳ,28.7,6.68,4.12,142.2,8.9,2.86,0.061,0.07,1.5
713,海南省,04-03 12:00,Ⅲ,29.3,6.76,5.09,138.1,9.0,2.99,0.084,0.076,1.6
714,海南省,04-03 16:00,Ⅱ,30.2,7.07,8.17,134.9,10.8,3.05,0.068,0.074,1.51
715,海南省,04-03 20:00,Ⅱ,30.4,6.88,6.44,135.2,9.8,3.17,0.025,0.072,1.47
716,海南省,04-04 00:00,Ⅱ,30.2,6.8,4.83,136.1,10.8,3.04,0.025,0.071,1.45
717,海南省,04-04 00:00,Ⅳ,30.2,6.8,4.83,136.1,10.8,3.04,0.025,0.071,1.45
720,海南省,04-04 12:00,Ⅳ,29.8,6.75,4.51,136.0,9.0,3.2,0.04,0.08,1.61
721,海南省,04-04 16:00,Ⅱ,30.2,6.99,7.25,135.3,9.1,3.47,0.025,0.077,1.64
722,海南省,04-04 20:00,Ⅱ,30.0,6.89,6.1,135.9,7.8,3.03,0.027,0.07,1.56
723,海南省,04-05 00:00,Ⅳ,30.1,6.81,4.99,137.0,9.2,3.03,0.041,0.07,1.56
724,海南省,04-05 04:00,Ⅳ,29.6,6.73,3.82,137.4,9.2,2.89,0.055,0.075,1.58
725,海南省,04-05 08:00,Ⅴ,29.1,6.68,2.85,138.6,8.5,2.9,0.076,0.078,1.67
726,海南省,04-05 12:00,Ⅳ,29.0,6.71,3.51,140.5,7.9,3.16,0.098,0.087,1.78
727,海南省,04-05 16:00,Ⅲ,29.5,6.88,5.83,138.2,8.1,3.34,0.073,0.085,1.75
728,海南省,04-01 04:00,Ⅴ,28.2,8.1,2.97,2627.1,15.6,8.82,0.051,0.329,1.29
729,海南省,04-01 12:00,Ⅴ,28.5,7.98,3.91,2929.1,17.0,9.2,0.048,0.365,1.26
730,海南省,04-01 16:00,Ⅴ,30.4,7.98,7.12,2548.1,16.3,9.2,0.048,0.365,1.26
731,海南省,04-01 20:00,Ⅴ,30.0,7.84,3.29,7941.9,11.8,9.32,0.053,0.345,1.25
732,海南省,04-02 00:00,Ⅴ,29.4,8.05,2.82,5442.9,9.9,9.38,0.121,0.341,1.5
733,海南省,04-02 00:00,Ⅴ,29.4,8.05,2.82,5442.9,9.9,9.38,0.121,0.341,1.5
734,海南省,04-02 08:00,劣Ⅴ,28.3,8.1,1.78,3815.3,10.3,8.82,0.158,0.379,1.43
735,海南省,04-02 12:00,Ⅴ,29.1,8.05,3.85,3112.4,11.7,8.65,0.149,0.371,1.38
736,海南省,04-02 16:00,Ⅴ,30.6,7.94,5.2,3143.6,10.3,8.78,0.082,0.355,1.23
737,海南省,04-02 20:00,Ⅴ,30.3,7.7,2.53,13624.3,7.7,8.78,0.077,0.354,1.22
738,海南省,04-03 00:00,劣Ⅴ,29.8,7.94,1.09,9444.1,6.9,8.38,0.089,0.418,1.37
739,海南省,04-03 00:00,劣Ⅴ,29.8,7.94,1.09,9444.1,6.9,8.38,0.089,0.418,1.37
740,海南省,04-03 08:00,劣Ⅴ,28.6,8.1,0.98,4632.1,8.1,8.72,0.318,0.397,1.61
741,海南省,04-03 12:00,Ⅴ,29.4,8.2,5.09,4426.1,12.9,8.37,0.209,0.392,1.4
742,海南省,04-03 16:00,Ⅴ,30.6,8.43,6.19,5006.0,12.1,8.13,0.115,0.362,1.19
743,海南省,04-03 20:00,劣Ⅴ,30.5,8.02,5.04,15994.4,13.3,8.67,0.157,0.421,1.35
744,海南省,04-04 00:00,Ⅴ,30.1,8.01,3.55,14011.1,10.0,7.55,0.184,0.388,1.45
745,海南省,04-04 00:00,Ⅴ,30.1,8.01,3.55,14011.1,10.0,7.55,0.184,0.388,1.45
748,海南省,04-04 12:00,劣Ⅴ,29.9,8.09,4.48,6415.7,11.6,8.41,0.157,0.478,1.36
749,海南省,04-04 16:00,劣Ⅴ,31.2,8.09,5.13,6810.1,11.6,8.48,0.188,0.491,1.15
750,海南省,04-04 20:00,劣Ⅴ,31.0,7.9,3.79,11013.5,11.1,8.24,0.344,0.481,1.52
751,海南省,04-05 00:00,劣Ⅴ,30.7,7.8,3.66,17209.1,9.1,8.24,0.344,0.481,1.52
752,海南省,04-05 04:00,劣Ⅴ,29.5,8.0,3.45,6458.1,7.1,8.11,0.303,0.467,1.32
753,海南省,04-05 08:00,劣Ⅴ,29.2,7.96,3.41,6638.0,8.4,8.03,0.221,0.457,1.29
754,海南省,04-05 12:00,劣Ⅴ,29.8,8.01,5.17,7173.2,11.5,8.38,0.162,0.526,1.37
755,海南省,04-05 16:00,劣Ⅴ,31.1,8.27,9.47,7925.4,14.2,9.0,0.2,0.49,1.38
756,海南省,04-01 04:00,Ⅱ,28.5,6.86,8.17,1173.9,9.6,3.5,0.025,0.059,0.45
757,海南省,04-01 12:00,Ⅱ,29.7,6.97,9.34,1018.5,10.1,3.24,0.025,0.06,0.46
758,海南省,04-01 16:00,Ⅱ,29.8,6.85,8.44,1174.8,12.3,3.24,0.025,0.06,0.46
759,海南省,04-01 16:00,Ⅱ,29.8,6.85,8.44,1174.8,12.3,3.4,0.025,0.063,0.41
760,海南省,04-01 20:00,Ⅱ,28.8,7.13,6.08,1011.7,11.0,3.74,0.025,0.062,0.62
762,海南省,04-02 08:00,Ⅱ,29.1,6.87,7.19,1253.2,9.3,3.33,0.025,0.06,0.42
763,海南省,04-02 12:00,Ⅱ,29.8,6.94,9.56,1208.8,9.8,2.84,0.025,0.054,0.51
764,海南省,04-02 16:00,Ⅱ,29.9,6.91,8.96,1317.2,13.5,3.77,0.025,0.06,0.49
765,海南省,04-02 20:00,Ⅱ,29.4,6.94,6.25,1293.7,12.8,3.77,0.025,0.06,0.48
766,海南省,04-02 20:00,Ⅱ,29.4,6.94,6.25,1293.7,12.8,3.77,0.025,0.063,0.54
768,海南省,04-03 08:00,Ⅱ,29.5,6.79,6.92,1349.2,9.7,3.44,0.025,0.06,0.47
769,海南省,04-03 12:00,Ⅱ,30.8,6.86,8.18,1269.0,10.3,3.41,0.025,0.054,0.5
770,海南省,04-03 16:00,Ⅱ,30.8,6.81,8.07,1468.2,13.9,3.41,0.025,0.059,0.5
771,海南省,04-03 20:00,Ⅳ,29.8,6.78,6.69,1638.0,16.2,7.03,0.025,0.066,0.6
772,海南省,04-03 20:00,Ⅱ,29.8,6.78,6.69,1638.0,16.2,3.74,0.034,0.068,0.56
776,海南省,04-04 12:00,Ⅱ,31.4,6.92,8.32,1422.2,15.2,3.33,0.025,0.064,0.59
777,海南省,04-04 16:00,Ⅲ,32.0,6.89,8.76,1620.2,15.5,4.2,0.025,0.069,0.58
778,海南省,04-04 20:00,Ⅲ,30.2,6.83,7.13,1546.0,15.9,4.15,0.025,0.069,0.56
781,海南省,04-05 08:00,Ⅱ,30.5,6.84,7.28,1597.8,15.0,3.66,0.025,0.065,0.62
782,海南省,04-05 12:00,Ⅲ,31.3,6.88,8.19,1409.1,14.6,4.73,0.027,0.072,0.58
783,海南省,04-05 16:00,Ⅲ,31.8,6.87,8.74,1601.2,15.6,4.12,0.025,0.067,0.62
784,海南省,04-01 04:00,Ⅱ,29.2,7.91,10.86,117.5,15.2,2.49,0.025,0.061,0.89
785,海南省,04-01 12:00,Ⅱ,29.7,8.05,12.99,117.1,15.0,2.4,0.025,0.067,0.84
786,海南省,04-01 16:00,Ⅱ,29.4,7.6,10.26,118.6,19.7,2.4,0.025,0.067,0.84
787,海南省,04-01 20:00,Ⅱ,29.4,7.25,7.94,119.5,18.2,2.86,0.025,0.068,0.92
788,海南省,04-02 00:00,Ⅱ,29.6,7.58,9.82,118.7,16.5,2.6,0.029,0.065,0.89
789,海南省,04-02 00:00,Ⅱ,29.6,7.58,9.82,118.7,16.5,2.6,0.029,0.065,0.89
790,海南省,04-02 08:00,Ⅱ,29.6,7.47,9.86,120.6,16.2,2.41,0.025,0.065,0.83
791,海南省,04-02 12:00,Ⅱ,30.2,7.72,13.53,120.0,17.1,2.65,0.025,0.069,0.92
792,海南省,04-02 16:00,Ⅱ,29.8,7.19,9.24,120.6,17.6,2.67,0.025,0.081,0.84
793,海南省,04-02 20:00,Ⅲ,29.6,6.72,5.39,123.6,16.7,2.91,0.034,0.078,0.91
794,海南省,04-03 00:00,Ⅱ,29.7,7.13,8.79,120.6,15.4,2.46,0.064,0.065,0.96
795,海南省,04-03 00:00,Ⅱ,29.7,7.13,8.79,120.6,15.4,2.46,0.064,0.065,0.96
796,海南省,04-03 08:00,Ⅱ,29.7,7.08,9.15,119.5,12.1,2.64,0.036,0.063,0.86
797,海南省,04-03 12:00,Ⅱ,28.2,7.96,7.81,117.6,12.6,2.6,0.027,0.067,0.81
798,海南省,04-03 16:00,Ⅱ,29.7,7.22,8.61,121.5,15.0,2.86,0.025,0.079,0.99
799,海南省,04-03 20:00,Ⅱ,29.7,6.99,6.98,121.5,17.1,2.86,0.058,0.07,1.03
800,海南省,04-04 00:00,Ⅱ,29.7,7.28,8.27,119.0,14.0,2.41,0.046,0.07,0.94
801,海南省,04-04 00:00,Ⅱ,29.7,7.28,8.27,119.0,14.0,2.41,0.046,0.07,0.94
803,海南省,04-04 08:00,Ⅱ,29.7,7.17,7.52,117.1,14.1,2.32,0.057,0.069,0.79
804,海南省,04-04 12:00,Ⅱ,30.2,7.95,11.32,115.4,16.1,2.86,0.025,0.079,0.71
805,海南省,04-04 16:00,Ⅱ,30.1,6.95,6.56,119.2,16.0,2.66,0.087,0.072,0.85
806,海南省,04-04 20:00,Ⅱ,29.9,6.98,6.62,119.6,14.6,2.5,0.082,0.065,0.76
807,海南省,04-05 00:00,Ⅱ,30.1,7.27,8.05,117.7,12.0,2.5,0.082,0.065,0.76
808,海南省,04-05 04:00,Ⅱ,30.0,7.42,8.36,117.2,12.8,2.46,0.043,0.068,0.66
809,海南省,04-05 08:00,Ⅱ,29.9,7.14,7.27,118.1,16.7,2.75,0.053,0.071,0.78
810,海南省,04-05 12:00,Ⅱ,30.7,7.92,11.7,116.7,16.7,2.77,0.025,0.077,0.69
811,海南省,04-05 16:00,Ⅱ,30.1,6.99,6.49,119.3,16.1,2.52,0.057,0.074,0.68
812,海南省,04-01 04:00,Ⅱ,28.8,8.11,8.74,5294.4,7.8,2.36,0.073,0.041,0.77
813,海南省,04-01 12:00,Ⅱ,30.0,7.91,9.11,5077.7,6.9,2.05,0.077,0.039,0.76
814,海南省,04-01 16:00,Ⅱ,31.4,8.19,10.69,8280.7,8.8,2.05,0.077,0.039,0.76
815,海南省,04-01 20:00,Ⅱ,30.6,8.23,10.2,7156.5,9.8,2.51,0.065,0.038,0.71
816,海南省,04-02 00:00,Ⅱ,29.6,8.14,9.49,5492.0,8.5,2.71,0.046,0.04,0.82
817,海南省,04-02 00:00,Ⅱ,29.6,8.14,9.49,5492.0,8.5,2.71,0.046,0.04,0.82
818,海南省,04-02 08:00,Ⅱ,28.2,7.92,8.77,3794.5,9.5,2.44,0.075,0.041,0.65
819,海南省,04-02 12:00,Ⅱ,30.3,7.85,9.71,4493.9,8.9,2.33,0.056,0.042,0.82
820,海南省,04-02 16:00,Ⅱ,31.4,8.43,8.6,10631.3,8.8,2.32,0.095,0.039,0.84
821,海南省,04-02 20:00,Ⅱ,30.4,8.51,9.85,7952.5,5.6,2.84,0.039,0.038,0.81
822,海南省,04-03 00:00,Ⅱ,29.2,8.35,8.15,4978.2,4.8,3.19,0.073,0.039,0.86
823,海南省,04-03 00:00,Ⅱ,29.2,8.35,8.15,4978.2,4.8,3.19,0.073,0.039,0.86
824,海南省,04-03 08:00,Ⅱ,27.6,8.18,7.98,3743.4,4.1,2.48,0.12,0.039,0.83
825,海南省,04-03 12:00,Ⅱ,30.0,8.17,8.05,3016.4,4.4,2.54,0.069,0.041,0.84
826,海南省,04-03 16:00,Ⅱ,31.7,8.37,8.89,7274.9,6.4,2.27,0.089,0.04,0.79
827,海南省,04-03 20:00,Ⅱ,30.9,8.43,8.75,6722.3,5.9,2.77,0.059,0.039,0.76
828,海南省,04-04 00:00,Ⅱ,29.7,8.29,8.31,4125.4,4.1,2.96,0.076,0.039,0.69
829,海南省,04-04 00:00,Ⅱ,29.7,8.29,8.31,4125.4,4.1,2.96,0.076,0.039,0.69
830,海南省,04-04 04:00,Ⅱ,29.1,8.18,8.13,3922.6,4.2,2.29,0.113,0.038,0.78
831,海南省,04-04 08:00,Ⅱ,28.4,8.16,8.4,3949.8,4.0,2.29,0.113,0.038,0.78
832,海南省,04-04 12:00,Ⅱ,29.8,8.1,8.23,4054.8,3.7,2.12,0.121,0.038,0.67
833,海南省,04-04 16:00,Ⅱ,31.8,8.31,11.42,17466.2,5.8,2.67,0.167,0.036,0.78
834,海南省,04-04 20:00,Ⅱ,30.6,8.44,10.05,12333.4,6.2,1.98,0.025,0.037,0.79
835,海南省,04-05 00:00,Ⅱ,29.1,8.34,8.89,6437.0,4.6,1.98,0.025,0.037,0.79
836,海南省,04-05 04:00,Ⅱ,28.4,8.3,8.75,6119.8,5.4,2.63,0.083,0.04,0.64
837,海南省,04-05 08:00,Ⅱ,27.9,8.23,8.7,5525.4,4.4,1.84,0.101,0.038,0.75
838,海南省,04-05 12:00,Ⅱ,30.0,8.16,8.42,7020.0,9.8,2.4,0.103,0.034,0.82
839,海南省,04-05 16:00,Ⅱ,31.6,8.38,11.13,24938.4,12.4,3.13,0.146,0.041,1.08
840,海南省,04-01 04:00,Ⅱ,26.7,7.21,7.0,104.5,8.8,1.98,0.025,0.033,0.38
841,海南省,04-01 12:00,Ⅱ,29.5,7.23,7.05,106.5,9.5,2.06,0.025,0.036,0.39
842,海南省,04-01 16:00,Ⅱ,29.7,7.42,7.58,105.4,9.5,2.06,0.025,0.036,0.39
843,海南省,04-01 20:00,Ⅱ,27.9,7.31,7.25,104.2,10.5,2.05,0.025,0.033,0.39
844,海南省,04-02 00:00,Ⅱ,27.3,7.22,7.01,103.4,9.8,2.04,0.025,0.032,0.39
845,海南省,04-02 00:00,Ⅱ,27.3,7.22,7.01,103.4,9.8,2.04,0.025,0.032,0.39
846,海南省,04-02 08:00,Ⅱ,27.2,7.05,6.35,104.4,8.8,1.97,0.025,0.033,0.36
847,海南省,04-02 12:00,Ⅱ,29.6,7.15,6.74,105.2,8.9,1.92,0.025,0.033,0.41
848,海南省,04-02 16:00,Ⅰ,29.6,7.21,7.98,104.0,9.5,1.82,0.025,0.013,0.42
849,海南省,04-02 20:00,Ⅱ,27.8,7.25,8.03,104.9,10.9,2.02,0.025,0.044,0.43
850,海南省,04-03 00:00,Ⅱ,27.3,7.1,7.59,104.7,9.9,2.1,0.025,0.043,0.31
851,海南省,04-03 00:00,Ⅱ,27.3,7.1,7.59,104.7,9.9,2.1,0.025,0.043,0.31
852,海南省,04-03 08:00,Ⅱ,26.8,6.87,6.55,105.3,8.8,1.95,0.025,0.043,0.25
853,海南省,04-03 12:00,Ⅱ,30.2,7.03,7.39,107.1,9.4,2.05,0.025,0.045,0.32
854,海南省,04-03 16:00,Ⅱ,30.5,7.29,8.18,105.4,10.0,2.07,0.025,0.044,0.28
855,海南省,04-03 20:00,Ⅱ,28.2,7.23,7.95,104.4,10.5,2.19,0.025,0.045,0.23
856,海南省,04-04 00:00,Ⅱ,27.5,7.18,7.76,104.1,8.8,2.07,0.025,0.043,0.24
857,海南省,04-04 00:00,Ⅱ,27.5,7.18,7.76,104.1,8.8,2.07,0.025,0.043,0.24
861,海南省,04-04 16:00,Ⅱ,30.4,7.45,8.5,106.1,17.0,2.05,0.025,0.043,0.2
862,海南省,04-04 20:00,Ⅱ,28.2,7.52,8.54,104.9,9.0,2.18,0.025,0.04,0.26
863,海南省,04-05 00:00,Ⅱ,28.0,7.4,8.13,104.8,7.8,2.18,0.025,0.04,0.26
864,海南省,04-05 04:00,Ⅱ,27.5,7.24,7.83,104.6,8.2,2.1,0.025,0.043,0.21
865,海南省,04-05 08:00,Ⅱ,27.4,7.2,7.72,104.7,7.6,2.24,0.025,0.038,0.29
866,海南省,04-05 12:00,Ⅱ,29.2,7.35,8.3,105.6,7.5,2.07,0.025,0.039,0.24
867,海南省,04-05 16:00,Ⅱ,30.1,7.6,8.75,105.5,8.6,2.18,0.025,0.043,0.22
896,海南省,04-01 04:00,Ⅱ,24.3,6.74,7.76,125.6,5.7,1.28,0.092,0.036,0.95
897,海南省,04-01 08:00,Ⅱ,24.3,6.67,7.48,126.0,5.6,1.56,0.057,0.026,0.94
898,海南省,04-01 12:00,Ⅱ,24.8,6.68,7.73,126.2,5.6,1.5,0.073,0.042,1.01
899,海南省,04-01 16:00,Ⅱ,25.3,6.75,7.75,125.6,5.5,1.54,0.087,0.04,1.01
900,海南省,04-01 20:00,Ⅱ,25.0,6.76,7.85,125.6,5.7,1.37,0.086,0.034,0.99
901,海南省,04-01 20:00,Ⅱ,25.0,6.76,7.85,125.6,5.7,1.37,0.086,0.034,0.99
902,海南省,04-02 04:00,Ⅱ,24.5,6.69,7.36,125.7,5.6,1.5,0.052,0.047,0.97
903,海南省,04-02 08:00,Ⅱ,24.4,6.64,7.38,125.4,5.5,1.51,0.077,0.032,0.94
904,海南省,04-02 12:00,Ⅱ,24.9,6.61,7.71,125.1,13.6,1.49,0.057,0.046,1.1
905,海南省,04-02 16:00,Ⅱ,25.3,6.94,8.12,124.6,7.5,2.04,0.06,0.031,1.17
906,海南省,04-02 20:00,Ⅱ,25.0,6.92,8.03,124.7,8.9,2.09,0.079,0.026,1.19
907,海南省,04-02 20:00,Ⅱ,25.0,6.92,8.03,124.7,8.9,2.09,0.079,0.026,1.19
908,海南省,04-03 04:00,Ⅱ,24.6,6.81,7.59,124.7,8.2,2.09,0.071,0.043,1.15
909,海南省,04-03 08:00,Ⅱ,24.6,6.76,7.19,124.5,8.2,2.08,0.055,0.048,1.15
910,海南省,04-03 08:00,Ⅱ,24.6,6.76,7.19,124.5,8.2,2.08,0.055,0.048,1.15
911,海南省,04-03 16:00,Ⅱ,25.6,6.81,7.55,124.6,11.9,2.28,0.071,0.041,1.22
912,海南省,04-03 20:00,Ⅱ,25.5,6.8,7.74,124.5,12.2,2.03,0.091,0.031,1.22
913,海南省,04-03 20:00,Ⅱ,25.5,6.8,7.74,124.5,12.2,2.03,0.091,0.031,1.22
915,海南省,04-04 08:00,Ⅱ,25.2,6.88,7.53,124.1,12.3,2.05,0.052,0.029,1.22
916,海南省,04-04 12:00,Ⅱ,25.6,6.83,7.52,123.7,12.3,2.14,0.06,0.025,1.21
917,海南省,04-04 16:00,Ⅱ,25.7,6.83,7.69,123.6,12.3,2.22,0.094,0.048,1.2
918,海南省,04-04 20:00,Ⅱ,25.5,6.86,7.55,123.1,12.3,2.19,0.091,0.046,1.2
919,海南省,04-04 20:00,Ⅱ,25.5,6.86,7.55,123.1,12.3,2.19,0.091,0.046,1.2
920,海南省,04-05 04:00,Ⅱ,25.5,6.77,7.14,123.3,12.3,2.07,0.073,0.05,1.1
921,海南省,04-05 08:00,Ⅱ,25.5,6.79,7.22,123.2,12.3,2.07,0.056,0.04,1.15
922,海南省,04-05 12:00,Ⅱ,25.3,6.76,7.21,123.5,12.3,2.12,0.081,0.021,1.17
923,海南省,04-05 16:00,Ⅱ,25.4,6.82,7.52,123.2,12.3,2.1,0.055,0.031,1.17
924,海南省,04-01 04:00,Ⅳ,24.4,6.21,4.56,66.8,6.2,0.25,0.025,0.032,0.84
925,海南省,04-01 12:00,Ⅰ,26.1,7.4,10.12,64.9,5.2,0.79,0.025,0.02,0.79
926,海南省,04-01 16:00,Ⅰ,26.9,7.66,10.43,66.6,5.3,0.79,0.025,0.02,0.79
927,海南省,04-01 20:00,Ⅱ,25.9,6.86,7.56,69.5,4.1,0.9,0.025,0.021,0.72
928,海南省,04-02 00:00,Ⅳ,25.2,6.19,4.08,65.9,3.0,0.79,0.025,0.025,0.74
929,海南省,04-02 00:00,Ⅳ,25.2,6.19,4.08,65.9,3.0,0.79,0.025,0.025,0.74
930,海南省,04-02 08:00,Ⅱ,24.2,7.06,7.68,64.5,6.5,1.09,0.025,0.025,0.79
931,海南省,04-02 12:00,Ⅰ,25.8,6.39,10.16,63.4,5.0,0.97,0.025,0.019,0.84
932,海南省,04-02 16:00,Ⅰ,26.5,7.33,10.29,65.3,4.9,1.04,0.025,0.019,0.79
933,海南省,04-02 20:00,Ⅱ,25.5,6.63,7.82,66.9,4.5,0.79,0.025,0.021,0.78
934,海南省,04-03 00:00,Ⅳ,25.1,6.07,4.86,64.3,3.3,0.72,0.025,0.023,0.78
935,海南省,04-03 00:00,Ⅳ,25.1,6.07,4.86,64.3,3.3,0.72,0.025,0.023,0.78
936,海南省,04-03 08:00,Ⅱ,24.3,6.96,7.67,68.0,7.6,1.05,0.025,0.022,0.82
937,海南省,04-03 12:00,Ⅰ,25.7,7.2,9.07,70.1,5.8,1.06,0.025,0.02,0.79
938,海南省,04-03 16:00,Ⅱ,27.0,7.65,10.66,74.9,5.7,1.11,0.025,0.021,0.86
939,海南省,04-03 20:00,Ⅱ,27.0,7.41,9.22,82.5,5.7,1.22,0.025,0.025,0.83
940,海南省,04-04 00:00,Ⅱ,26.3,6.94,7.31,82.7,4.7,1.42,0.025,0.027,0.83
941,海南省,04-04 00:00,Ⅱ,26.3,6.94,7.31,82.7,4.7,1.42,0.025,0.027,0.83
944,海南省,04-04 12:00,Ⅰ,25.9,7.16,8.85,76.1,6.2,1.17,0.025,0.018,0.79
945,海南省,04-04 16:00,Ⅱ,27.4,7.1,9.78,76.9,5.2,1.05,0.025,0.034,0.77
946,海南省,04-04 20:00,Ⅱ,25.9,6.79,8.52,75.4,6.0,0.91,0.025,0.027,0.83
947,海南省,04-05 00:00,Ⅱ,25.4,6.57,7.11,72.6,3.8,0.91,0.025,0.027,0.83
948,海南省,04-05 04:00,Ⅱ,25.8,7.06,7.4,77.4,6.0,1.14,0.025,0.022,0.85
949,海南省,04-05 08:00,Ⅱ,23.5,6.88,7.48,65.9,6.8,0.92,0.025,0.019,0.82
950,海南省,04-05 12:00,Ⅱ,25.1,7.11,8.16,78.0,5.4,1.2,0.025,0.026,0.86
951,海南省,04-05 16:00,Ⅱ,26.4,7.38,9.78,80.2,5.1,1.29,0.025,0.021,0.81
